Ranking Section,Item Name,Internal Category,Score (Worst to Best),Assigned Group
--- WEAPONS ---,,,,
,KOD_M32_Tan,weapons,32.8714,TIER 3 / MILITARY
,KOD_M32_Black,weapons,32.8714,TIER 3 / MILITARY
,P1,weapons,82.7782,TIER 1 & 2
,MakarovPB,weapons,84.0933,TIER 1 & 2
,KOD_KS23,weapons,93.8500,TIER 3 / MILITARY
,Pumpkin,weapons,100.0000,CONSTRUCTION & SPARE PARTS
,SlicedPumpkin,weapons,100.0000,CONSTRUCTION & SPARE PARTS
,HumanSteakMeat,weapons,100.0000,TIER 3 / MILITARY
,GoatSteakMeat,weapons,100.0000,TIER 3 / MILITARY
,MouflonSteakMeat,weapons,100.0000,TIER 3 / MILITARY
,BoarSteakMeat,weapons,100.0000,TIER 3 / MILITARY
,PigSteakMeat,weapons,100.0000,TIER 3 / MILITARY
,DeerSteakMeat,weapons,100.0000,TIER 3 / MILITARY
,ReindeerSteakMeat,weapons,100.0000,TIER 3 / MILITARY
,WolfSteakMeat,weapons,100.0000,TIER 3 / MILITARY
,BearSteakMeat,weapons,100.0000,TIER 3 / MILITARY
,CowSteakMeat,weapons,100.0000,TIER 3 / MILITARY
,SheepSteakMeat,weapons,100.0000,TIER 3 / MILITARY
,FoxSteakMeat,weapons,100.0000,TIER 3 / MILITARY
,AugOptic,weapons,100.0010,TIER 3 / MILITARY
,KOD_Sticker_Anarchy,weapons,100.0010,TIER 3 / MILITARY
,KOD_Sticker_Bang,weapons,100.0010,TIER 3 / MILITARY
,KOD_Sticker_Cat,weapons,100.0010,TIER 3 / MILITARY
,KOD_Sticker_Cat2,weapons,100.0010,TIER 3 / MILITARY
,KOD_Sticker_Cats,weapons,100.0010,TIER 3 / MILITARY
,KOD_Sticker_Cat3,weapons,100.0010,TIER 3 / MILITARY
,KOD_Sticker_Clown,weapons,100.0010,TIER 3 / MILITARY
,KOD_Sticker_Oni,weapons,100.0010,TIER 3 / MILITARY
,KOD_Sticker_Dog,weapons,100.0010,TIER 3 / MILITARY
,KOD_Sticker_Eyes,weapons,100.0010,TIER 3 / MILITARY
,KOD_Sticker_Girl,weapons,100.0010,TIER 3 / MILITARY
,KOD_Sticker_Girl2,weapons,100.0010,TIER 3 / MILITARY
,KOD_Sticker_Girl3,weapons,100.0010,TIER 3 / MILITARY
,KOD_Sticker_Girl4,weapons,100.0010,TIER 3 / MILITARY
,KOD_Sticker_Girl5,weapons,100.0010,TIER 3 / MILITARY
,KOD_Sticker_Girl6,weapons,100.0010,TIER 3 / MILITARY
,KOD_Sticker_Girl7,weapons,100.0010,TIER 3 / MILITARY
,KOD_Sticker_Girl8,weapons,100.0010,TIER 3 / MILITARY
,KOD_Sticker_Girl9,weapons,100.0010,TIER 3 / MILITARY
,KOD_Sticker_Girl10,weapons,100.0010,TIER 3 / MILITARY
,KOD_Sticker_Harley,weapons,100.0010,TIER 3 / MILITARY
,KOD_Sticker_Heart,weapons,100.0010,TIER 3 / MILITARY
,KOD_Sticker_HelloKitty,weapons,100.0010,TIER 3 / MILITARY
,KOD_Sticker_Shpagat,weapons,100.0010,TIER 3 / MILITARY
,KOD_Sticker_Dragon,weapons,100.0010,TIER 3 / MILITARY
,KOD_Sticker_Jerry,weapons,100.0010,TIER 3 / MILITARY
,KOD_Sticker_Joker,weapons,100.0010,TIER 3 / MILITARY
,KOD_Sticker_Jordan,weapons,100.0010,TIER 3 / MILITARY
,KOD_Sticker_Lavrov,weapons,100.0010,TIER 3 / MILITARY
,KOD_Sticker_Lavrov2,weapons,100.0010,TIER 3 / MILITARY
,KOD_Sticker_Oni2,weapons,100.0010,TIER 3 / MILITARY
,KOD_Sticker_Ronin,weapons,100.0010,TIER 3 / MILITARY
,KOD_Sticker_Skull,weapons,100.0010,TIER 3 / MILITARY
,KOD_Sticker_Skull2,weapons,100.0010,TIER 3 / MILITARY
,KOD_Sticker_Skull3,weapons,100.0010,TIER 3 / MILITARY
,KOD_Sticker_Skull4,weapons,100.0010,TIER 3 / MILITARY
,KOD_Sticker_Stitch,weapons,100.0010,TIER 3 / MILITARY
,KOD_Sticker_TheEnd,weapons,100.0010,TIER 3 / MILITARY
,KOD_Sticker_Wasserman,weapons,100.0010,TIER 3 / MILITARY
,KOD_Sticker_YinYang,weapons,100.0010,TIER 3 / MILITARY
,KOD_Sticker_ZaLupoy,weapons,100.0010,TIER 3 / MILITARY
,KOD_Revolver50Cal_Cylinder,weapons,100.0010,TIER 3 / MILITARY
,KOD_Revolver50Cal_Ejector,weapons,100.0010,TIER 3 / MILITARY
,Ammo_22,weapons,100.0030,TIER 3 / MILITARY
,Ammo_556x45,weapons,100.0040,TIER 3 / MILITARY
,Ammo_556x45Tracer,weapons,100.0040,TIER 3 / MILITARY
,Ammo_545x39,weapons,100.0040,TIER 3 / MILITARY
,Ammo_545x39Tracer,weapons,100.0040,TIER 3 / MILITARY
,KOD_Ammo_762x25,weapons,100.0050,TIER 3 / MILITARY
,Ammo_380,weapons,100.0060,TIER 3 / MILITARY
,Ammo_9x19,weapons,100.0080,TIER 3 / MILITARY
,Ammo_762x39,weapons,100.0080,TIER 3 / MILITARY
,Ammo_762x39Tracer,weapons,100.0080,TIER 3 / MILITARY
,Ammo_12gaRubberSlug,weapons,100.0080,TIER 3 / MILITARY
,Ammo_357,weapons,100.0080,TIER 3 / MILITARY
,Ammo_308WinTracer,weapons,100.0090,TIER 3 / MILITARY
,Ammo_762x54,weapons,100.0090,TIER 3 / MILITARY
,Ammo_762x54Tracer,weapons,100.0090,TIER 3 / MILITARY
,PumpkinSeeds,weapons,100.0100,CONSTRUCTION & SPARE PARTS
,Mag_12gaSnaploader_2Rnd,weapons,100.0100,TIER 3 / MILITARY
,Ammo_308Win,weapons,100.0100,TIER 3 / MILITARY
,KOD_Ammo_308WinAP,weapons,100.0100,TIER 3 / MILITARY
,KOD_Ammo_458,weapons,100.0100,TIER 3 / MILITARY
,KOD_Ammo_40lw,weapons,100.0100,TIER 3 / MILITARY
,KOD_Ammo_792x57,weapons,100.0100,TIER 3 / MILITARY
,Mag_Dartgun_CO2,weapons,100.0120,TIER 3 / MILITARY
,Ammo_45ACP,weapons,100.0120,TIER 3 / MILITARY
,KOD_Ammo_338,weapons,100.0150,TIER 3 / MILITARY
,Ammo_9x39AP,weapons,100.0160,TIER 3 / MILITARY
,Ammo_9x39,weapons,100.0170,TIER 3 / MILITARY
,Mag_CLIP9x19_10Rnd,weapons,100.0180,TIER 3 / MILITARY
,Mag_CLIP762x54_5Rnd,weapons,100.0200,TIER 3 / MILITARY
,Mag_762x54Snaploader_2Rnd,weapons,100.0200,TIER 3 / MILITARY
,Mag_CLIP762x39_10Rnd,weapons,100.0200,TIER 3 / MILITARY
,Ammo_127x55,weapons,100.0200,TIER 3 / MILITARY
,EyeMask_Valentines,weapons,100.0250,TIER 3 / MILITARY
,Mag_357Speedloader_6Rnd,weapons,100.0250,TIER 3 / MILITARY
,KOD_Ammo_408,weapons,100.0250,TIER 3 / MILITARY
,Ammo_50calBW,weapons,100.0250,TIER 3 / MILITARY
,PumpkinSeedsPack,weapons,100.0300,CONSTRUCTION & SPARE PARTS
,Mag_308WinSnaploader_2Rnd,weapons,100.0300,TIER 3 / MILITARY
,Mag_CMAG_10Rnd,weapons,100.0300,TIER 3 / MILITARY
,Mag_CMAG_10Rnd_Black,weapons,100.0300,TIER 3 / MILITARY
,Mag_CMAG_10Rnd_Green,weapons,100.0300,TIER 3 / MILITARY
,KOD_Ammo_127x108,weapons,100.0300,TIER 3 / MILITARY
,KOD_Ammo_50BMG,weapons,100.0300,TIER 3 / MILITARY
,Ammo_12gaPellets,weapons,100.0350,TIER 3 / MILITARY
,Ammo_12gaSlug,weapons,100.0350,TIER 3 / MILITARY
,Ammo_HuntingBolt,weapons,100.0350,TIER 3 / MILITARY
,Ammo_ImprovisedBolt_1,weapons,100.0350,TIER 3 / MILITARY
,KOD_Ammo_23x75,weapons,100.0400,TIER 3 / MILITARY
,KOD_Ammo_145x114,weapons,100.0400,TIER 3 / MILITARY
,Ammo_ImprovisedBolt_2,weapons,100.0450,TIER 3 / MILITARY
,Ammo_CupidsBolt,weapons,100.0450,TIER 3 / MILITARY
,KOD_DTKPutnik_Black,weapons,100.0500,TIER 3 / MILITARY
,KOD_DTKPutnik_White,weapons,100.0500,TIER 3 / MILITARY
,KOD_DTKPutnik_Tan,weapons,100.0500,TIER 3 / MILITARY
,Mag_Ruger1022_10Rnd,weapons,100.0500,TIER 3 / MILITARY
,Mag_KOD_Vector_30rnd,weapons,100.0500,TIER 3 / MILITARY
,KOD_Ammo_20mm,weapons,100.0500,TIER 3 / MILITARY
,Mag_MKII_10Rnd,weapons,100.0550,TIER 3 / MILITARY
,Mag_CMAG_20Rnd,weapons,100.0600,TIER 3 / MILITARY
,Mag_CMAG_20Rnd_Black,weapons,100.0600,TIER 3 / MILITARY
,Mag_CMAG_20Rnd_Green,weapons,100.0600,TIER 3 / MILITARY
,Mag_1911_7Rnd,weapons,100.0680,TIER 3 / MILITARY
,MakarovPBSuppressor,weapons,100.0700,TIER 1 & 2
,KOD_Glock17_FlashHider,weapons,100.0700,TIER 1 & 2
,KOD_Glock17_Compensator,weapons,100.0700,TIER 1 & 2
,Mag_Deagle_9rnd,weapons,100.0700,TIER 1 & 2
,Mag_KOD_Scorpion_30rnd,weapons,100.0700,TIER 3 / MILITARY
,Mag_KOD_SV98_10rnd,weapons,100.0700,TIER 3 / MILITARY
,Aug_Barrel,weapons,100.0730,TIER 3 / MILITARY
,PNC_BarretM82A1_Suppressor,weapons,100.0730,TIER 4 / ALIEN
,PNC_BarretM82A1_Suppressor_black,weapons,100.0730,TIER 4 / ALIEN
,PNC_BarretM82A1_Suppressor_desert,weapons,100.0730,TIER 4 / ALIEN
,PNC_BarretM82A1_Suppressor_snow,weapons,100.0730,TIER 4 / ALIEN
,Mag_KOD_M110_10rnd,weapons,100.0750,TIER 4 / ALIEN
,Armband_LivoniaPolice,weapons,100.0800,TIER 3 / MILITARY
,Armband_HunterZ,weapons,100.0800,TIER 3 / MILITARY
,MP5_Compensator,weapons,100.0800,TIER 3 / MILITARY
,KOD_Compensator_AR,weapons,100.0800,TIER 3 / MILITARY
,KOD_Compensator_AK,weapons,100.0800,TIER 3 / MILITARY
,Mag_Ruger1022_15Rnd,weapons,100.0800,TIER 3 / MILITARY
,Ammo_Flare,weapons,100.0800,TIER 3 / MILITARY
,Ammo_FlareRed,weapons,100.0800,TIER 3 / MILITARY
,Ammo_FlareGreen,weapons,100.0800,TIER 3 / MILITARY
,Ammo_FlareBlue,weapons,100.0800,TIER 3 / MILITARY
,Singularity_Ammobox,weapons,100.0850,TIER 3 / MILITARY
,AmmoBox_556x45_20Rnd,weapons,100.0850,TIER 3 / MILITARY
,AmmoBox_556x45Tracer_20Rnd,weapons,100.0850,TIER 3 / MILITARY
,AmmoBox_12gaRubberSlug_10Rnd,weapons,100.0850,TIER 3 / MILITARY
,AmmoBox_545x39_20Rnd,weapons,100.0850,TIER 3 / MILITARY
,AmmoBox_545x39Tracer_20Rnd,weapons,100.0850,TIER 3 / MILITARY
,Ammo_BNVSingularityCell,weapons,100.0850,TIER 3 / MILITARY
,Mag_STANAG_30Rnd,weapons,100.0900,TIER 3 / MILITARY
,Mag_CMAG_30Rnd,weapons,100.0900,TIER 3 / MILITARY
,Mag_CMAG_30Rnd_Black,weapons,100.0900,TIER 3 / MILITARY
,Mag_CMAG_30Rnd_Green,weapons,100.0900,TIER 3 / MILITARY
,Mag_Aug_30Rnd,weapons,100.0900,TIER 3 / MILITARY
,PNC_SCARH_20Rnd,weapons,100.0900,TIER 3 / MILITARY
,Mag_CZ527_5rnd,weapons,100.0910,TIER 3 / MILITARY
,KOD_RMR_Black,weapons,100.1000,TIER 3 / MILITARY
,KOD_RMR_FDE,weapons,100.1000,TIER 3 / MILITARY
,KOD_AmmoBox_762x25_50rnd,weapons,100.1000,TIER 3 / MILITARY
,KOD_M4Suppressor_NoCover,weapons,100.1000,TIER 3 / MILITARY
,KOD_M4Suppressor_Black,weapons,100.1000,TIER 3 / MILITARY
,KOD_M4Suppressor_Tan,weapons,100.1000,TIER 3 / MILITARY
,KOD_M4Suppressor_Camo,weapons,100.1000,TIER 3 / MILITARY
,KOD_PBS1Suppressor,weapons,100.1000,TIER 3 / MILITARY
,PNC_Fal_Compensator_2,weapons,100.1000,TIER 3 / MILITARY
,Mag_CMAG_40Rnd,weapons,100.1000,TIER 3 / MILITARY
,Mag_CMAG_40Rnd_Black,weapons,100.1000,TIER 3 / MILITARY
,Mag_CMAG_40Rnd_Green,weapons,100.1000,TIER 3 / MILITARY
,Mag_CZ550_4rnd,weapons,100.1000,TIER 3 / MILITARY
,Mag_M14_10Rnd,weapons,100.1000,TIER 3 / MILITARY
,Mag_M14_20Rnd,weapons,100.1000,TIER 3 / MILITARY
,Mag_KOD_CS5_10rnd,weapons,100.1000,TIER 3 / MILITARY
,Mag_KOD_Glock17_Black_16rnd,weapons,100.1000,TIER 1 & 2
,Mag_KOD_Glock17_Tan_16rnd,weapons,100.1000,TIER 1 & 2
,Mag_KOD_SA58_20Rnd,weapons,100.1000,TIER 3 / MILITARY
,Mag_KOD_SKS_20rnd,weapons,100.1000,TIER 3 / MILITARY
,Mag_KOD_VSSK_5rnd,weapons,100.1000,TIER 4 / ALIEN
,Mag_KOD_VR80_10rnd,weapons,100.1000,TIER 3 / MILITARY
,Mag_KOD_AWM_5rnd,weapons,100.1000,TIER 4 / ALIEN
,Mag_KOD_PPSh_71rnd,weapons,100.1000,TIER 3 / MILITARY
,Mag_KOD_R700_7rnd,weapons,100.1000,TIER 3 / MILITARY
,Mag_KOD_AK458_20rnd,weapons,100.1000,TIER 3 / MILITARY
,Mag_Ruger1022_30Rnd,weapons,100.1100,TIER 3 / MILITARY
,Mag_FNX45_15Rnd,weapons,100.1130,TIER 1 & 2
,Groza_Barrel_Suppressor,weapons,100.1200,TIER 3 / MILITARY
,Mag_MP5_15Rnd,weapons,100.1200,TIER 3 / MILITARY
,Mag_SVD_10Rnd,weapons,100.1200,TIER 4 / ALIEN
,Mag_FAL_20Rnd,weapons,100.1200,TIER 3 / MILITARY
,Mag_KOD_DVL10_5rnd,weapons,100.1200,TIER 3 / MILITARY
,Mag_KOD_SUB2000_30rnd,weapons,100.1200,TIER 3 / MILITARY
,Mag_KOD_VSK94_20rnd,weapons,100.1200,TIER 3 / MILITARY
,Mag_KOD_Kivaari_10rnd,weapons,100.1200,TIER 3 / MILITARY
,Mag_KOD_MDR_30rnd,weapons,100.1200,TIER 3 / MILITARY
,Mag_CZ75_15Rnd,weapons,100.1310,TIER 1 & 2
,Mag_Glock_15Rnd,weapons,100.1310,TIER 1 & 2
,Mag_IJ70_8Rnd,weapons,100.1310,TIER 1 & 2
,Mag_ShockCartridge,weapons,100.1310,TIER 3 / MILITARY
,Mag_MakarovPB_8Rnd,weapons,100.1310,TIER 1 & 2
,Mosin_Compensator,weapons,100.1500,TIER 3 / MILITARY
,Groza_Barrel_Short,weapons,100.1500,TIER 3 / MILITARY
,KOD_VSK94_Silencer,weapons,100.1500,TIER 3 / MILITARY
,KOD_VSK94_Silencer_Wrap,weapons,100.1500,TIER 3 / MILITARY
,Mag_PM73_15Rnd,weapons,100.1500,TIER 3 / MILITARY
,Mag_CZ61_20Rnd,weapons,100.1500,TIER 3 / MILITARY
,Mag_Arrows_Quiver,weapons,100.1500,TIER 3 / MILITARY
,Mag_Bolts_Quiver,weapons,100.1500,TIER 3 / MILITARY
,Mag_KOD_HK417_20rnd,weapons,100.1500,TIER 3 / MILITARY
,Mag_KOD_M1928A1_30rnd,weapons,100.1500,TIER 3 / MILITARY
,Mag_KOD_ASH12_20rnd,weapons,100.1500,TIER 3 / MILITARY
,Mag_KOD_DVL10M1_5rnd,weapons,100.1500,TIER 3 / MILITARY
,Mag_KOD_M110_20rnd,weapons,100.1500,TIER 4 / ALIEN
,Mag_KOD_Ruger_5rnd,weapons,100.1500,TIER 3 / MILITARY
,Mag_KOD_SCARH_20rnd,weapons,100.1500,TIER 3 / MILITARY
,AmmoBox_22_50Rnd,weapons,100.1550,TIER 3 / MILITARY
,AmmoBox_762x39_20Rnd,weapons,100.1650,TIER 3 / MILITARY
,AmmoBox_762x39Tracer_20Rnd,weapons,100.1650,TIER 3 / MILITARY
,AmmoBox_357_20Rnd,weapons,100.1650,TIER 3 / MILITARY
,Mag_MP5_30Rnd,weapons,100.1700,TIER 3 / MILITARY
,Mag_PM73_25Rnd,weapons,100.1700,TIER 3 / MILITARY
,KOD_AKMount,weapons,100.1750,TIER 3 / MILITARY
,KOD_MosinMount,weapons,100.1750,TIER 3 / MILITARY
,Mag_STANAGCoupled_30Rnd,weapons,100.1800,TIER 3 / MILITARY
,AmmoBox_308WinTracer_20Rnd,weapons,100.1850,TIER 3 / MILITARY
,AmmoBox_762x54_20Rnd,weapons,100.1850,TIER 3 / MILITARY
,AmmoBox_762x54Tracer_20Rnd,weapons,100.1850,TIER 3 / MILITARY
,KOD_Grip_RK2_Black,weapons,100.2000,TIER 3 / MILITARY
,KOD_Grip_Angled_FDE,weapons,100.2000,TIER 3 / MILITARY
,KOD_Grip_Shift_Black,weapons,100.2000,TIER 3 / MILITARY
,KOD_Grip_Vertical_Black,weapons,100.2000,TIER 3 / MILITARY
,KOD_RIS_Bipod,weapons,100.2000,TIER 3 / MILITARY
,KOD_Alligator_Bipod,weapons,100.2000,TIER 4 / ALIEN
,KOD_FAMAS_Bipod,weapons,100.2000,TIER 3 / MILITARY
,KOD_Vector_Suppressor,weapons,100.2000,TIER 3 / MILITARY
,KOD_KSVK_Bipod,weapons,100.2000,TIER 3 / MILITARY
,KOD_M200_Bipod_Grey,weapons,100.2000,TIER 4 / ALIEN
,KOD_M200_Bipod_Black,weapons,100.2000,TIER 4 / ALIEN
,KOD_M60E3_Bipod,weapons,100.2000,TIER 3 / MILITARY
,KOD_PKP_Bipod,weapons,100.2000,TIER 3 / MILITARY
,KOD_VSSK_Bipod,weapons,100.2000,TIER 4 / ALIEN
,PNC_Fal_Compensator_1,weapons,100.2000,TIER 3 / MILITARY
,HuntingKnife,weapons,100.2000,TIER 3 / MILITARY
,Mag_FAMAS_25Rnd,weapons,100.2000,TIER 3 / MILITARY
,Mag_Saiga_5Rnd,weapons,100.2000,TIER 3 / MILITARY
,Mag_KOD_VSS_20rnd,weapons,100.2000,TIER 3 / MILITARY
,Mag_KOD_Alligator_5rnd,weapons,100.2000,TIER 4 / ALIEN
,Mag_KOD_Glock17_Black_30rnd,weapons,100.2000,TIER 1 & 2
,Mag_KOD_Glock17_Tan_30rnd,weapons,100.2000,TIER 1 & 2
,Mag_KOD_KSVK_5rnd,weapons,100.2000,TIER 3 / MILITARY
,Mag_KOD_M200_7rnd,weapons,100.2000,TIER 4 / ALIEN
,Mag_KOD_SRS338_8rnd,weapons,100.2000,TIER 3 / MILITARY
,Mag_KOD_SRS408_5rnd,weapons,100.2000,TIER 3 / MILITARY
,Mag_KOD_VR80_30rnd,weapons,100.2000,TIER 3 / MILITARY
,Mag_KOD_SCARH_30rnd,weapons,100.2000,TIER 3 / MILITARY
,PNC_M110_Mag,weapons,100.2000,TIER 4 / ALIEN
,AmmoBox_308Win_20Rnd,weapons,100.2050,TIER 3 / MILITARY
,AmmoBox_9x19_25rnd,weapons,100.2050,TIER 3 / MILITARY
,AmmoBox_380_35rnd,weapons,100.2150,TIER 3 / MILITARY
,Mag_CZ550_10rnd,weapons,100.2200,TIER 3 / MILITARY
,Mag_SSG82_5rnd,weapons,100.2200,TIER 3 / MILITARY
,Mag_Saiga_8Rnd,weapons,100.2200,TIER 3 / MILITARY
,Mag_SV98_10Rnd,weapons,100.2200,TIER 3 / MILITARY
,Mag_P1_8Rnd,weapons,100.2270,TIER 1 & 2
,Mag_AK74_30Rnd,weapons,100.2300,TIER 3 / MILITARY
,Mag_AK74_30Rnd_Black,weapons,100.2300,TIER 3 / MILITARY
,Mag_AK74_30Rnd_Green,weapons,100.2300,TIER 3 / MILITARY
,Ammo_40mm_Explosive,weapons,100.2300,TIER 3 / MILITARY
,Ammo_40mm_ChemGas,weapons,100.2300,TIER 3 / MILITARY
,Ammo_40mm_Smoke_Red,weapons,100.2300,TIER 3 / MILITARY
,Ammo_40mm_Smoke_Green,weapons,100.2300,TIER 3 / MILITARY
,Ammo_40mm_Smoke_White,weapons,100.2300,TIER 3 / MILITARY
,Ammo_40mm_Smoke_Black,weapons,100.2300,TIER 3 / MILITARY
,KOD_OKP7,weapons,100.2500,TIER 3 / MILITARY
,KOD_AMG,weapons,100.2500,TIER 3 / MILITARY
,KOD_HHS,weapons,100.2500,TIER 3 / MILITARY
,KOD_AmmoBox_408_10Rnd,weapons,100.2500,TIER 3 / MILITARY
,KOD_Vector_Handguard,weapons,100.2500,TIER 3 / MILITARY
,KOD_PKP_Tac_Handguard_Black,weapons,100.2500,TIER 3 / MILITARY
,KOD_PKP_Tac_Handguard_FDE,weapons,100.2500,TIER 3 / MILITARY
,PNC_Fal_WoodenHndgrd,weapons,100.2500,TIER 3 / MILITARY
,PNC_Fal_PlasticHndgrd,weapons,100.2500,TIER 3 / MILITARY
,AmmoBox_40lw_20Rnd,weapons,100.2500,TIER 3 / MILITARY
,OH_mag_pouche_green,weapons,100.2500,TIER 3 / MILITARY
,OH_mag_pouche_tan,weapons,100.2500,TIER 3 / MILITARY
,OH_mag_pouche_black,weapons,100.2500,TIER 3 / MILITARY
,OH_mag_pouche_multicam,weapons,100.2500,TIER 3 / MILITARY
,OH_mag_pouche_ucp,weapons,100.2500,TIER 3 / MILITARY
,Mag_AK74_45Rnd,weapons,100.2500,TIER 3 / MILITARY
,Mag_KOD_M1928A1_100rnd,weapons,100.2500,TIER 3 / MILITARY
,Mag_KOD_Raptr_30rnd,weapons,100.2500,TIER 3 / MILITARY
,Mag_Saiga_Drum20Rnd,weapons,100.2600,TIER 3 / MILITARY
,Shemag_Brown,weapons,100.3000,TIER 3 / MILITARY
,Shemag_Green,weapons,100.3000,TIER 3 / MILITARY
,Shemag_Red,weapons,100.3000,TIER 3 / MILITARY
,Shemag_White,weapons,100.3000,TIER 3 / MILITARY
,KOD_OKP7_Mosin,weapons,100.3000,TIER 3 / MILITARY
,KOD_OKP7_AK,weapons,100.3000,TIER 3 / MILITARY
,KOD_RMR_Mosin_Black,weapons,100.3000,TIER 3 / MILITARY
,KOD_RMR_Mosin_FDE,weapons,100.3000,TIER 3 / MILITARY
,KOD_RMR_AK_Black,weapons,100.3000,TIER 3 / MILITARY
,KOD_RMR_AK_FDE,weapons,100.3000,TIER 3 / MILITARY
,KOD_Spitfire,weapons,100.3000,TIER 3 / MILITARY
,KOD_AMG_Mosin,weapons,100.3000,TIER 3 / MILITARY
,KOD_AMG_AK,weapons,100.3000,TIER 3 / MILITARY
,KOD_VortexSpitfire,weapons,100.3000,TIER 3 / MILITARY
,KOD_HHS_Mosin,weapons,100.3000,TIER 3 / MILITARY
,KOD_HHS_AK,weapons,100.3000,TIER 3 / MILITARY
,KOD_AmmoBox_458_30Rnd,weapons,100.3000,TIER 3 / MILITARY
,KOD_AmmoBox_50BMG_10Rnd,weapons,100.3000,TIER 3 / MILITARY
,KOD_AmmoBox_127x108_10Rnd,weapons,100.3000,TIER 3 / MILITARY
,KOD_AmmoBox_338_20Rnd,weapons,100.3000,TIER 3 / MILITARY
,KOD_M200_Suppressor,weapons,100.3000,TIER 4 / ALIEN
,KOD_PKP_Tac_Rail_Black,weapons,100.3000,TIER 3 / MILITARY
,KOD_PKP_Tac_Rail_FDE,weapons,100.3000,TIER 3 / MILITARY
,KOD_VSK94_Hndgrd_Accs,weapons,100.3000,TIER 3 / MILITARY
,KOD_VSK94_Hndgrd,weapons,100.3000,TIER 3 / MILITARY
,KOD_AR15Skeleton_Buttstock,weapons,100.3000,TIER 3 / MILITARY
,Mag_KOD_AS50_10Rnd,weapons,100.3000,TIER 4 / ALIEN
,Mag_KOD_HK21_50rnd,weapons,100.3000,TIER 3 / MILITARY
,Mag_KOD_DrumShotgun_30rnd,weapons,100.3000,TIER 3 / MILITARY
,Mag_KOD_Evolys_100rnd,weapons,100.3000,TIER 3 / MILITARY
,Mag_KOD_GM6Lynx_5Rnd,weapons,100.3000,TIER 4 / ALIEN
,Mag_KOD_M82A2_10rnd,weapons,100.3000,TIER 4 / ALIEN
,AmmoBox_45ACP_25rnd,weapons,100.3050,TIER 3 / MILITARY
,PoliceCap,weapons,100.3200,TIER 3 / MILITARY
,AmmoBox_9x39AP_20Rnd,weapons,100.3250,TIER 3 / MILITARY
,AmmoBox_9x39_20Rnd,weapons,100.3450,TIER 3 / MILITARY
,KOD_VortexSpitfire_Mosin,weapons,100.3500,TIER 3 / MILITARY
,KOD_VortexSpitfire_AK,weapons,100.3500,TIER 3 / MILITARY
,KOD_VSK94_Bttstck,weapons,100.3500,TIER 3 / MILITARY
,Mag_UMP_25Rnd,weapons,100.3500,TIER 3 / MILITARY
,Mag_VSS_10Rnd,weapons,100.3500,TIER 3 / MILITARY
,Groza_Barrel_Grip,weapons,100.3540,TIER 3 / MILITARY
,Groza_LowerReceiver,weapons,100.3540,TIER 3 / MILITARY
,KOD_Vector_Buttstock,weapons,100.3540,TIER 3 / MILITARY
,PNC_AEK971butt,weapons,100.3540,TIER 3 / MILITARY
,PNC_M110Butt,weapons,100.3540,TIER 4 / ALIEN
,AmmoBox_00buck_10rnd,weapons,100.3550,TIER 3 / MILITARY
,AmmoBox_12gaSlug_10Rnd,weapons,100.3550,TIER 3 / MILITARY
,M249_Bipod,weapons,100.3760,TIER 3 / MILITARY
,Ammo_GrenadeM4,weapons,100.3970,TIER 3 / MILITARY
,KOD_Suppressor_308,weapons,100.4000,TIER 3 / MILITARY
,Mag_AK101_30Rnd,weapons,100.4000,TIER 3 / MILITARY
,Mag_AK101_30Rnd_Black,weapons,100.4000,TIER 3 / MILITARY
,Mag_AK101_30Rnd_Green,weapons,100.4000,TIER 3 / MILITARY
,Mag_PP19_64Rnd,weapons,100.4000,TIER 1 & 2
,Mag_KOD_Drum308_50rnd,weapons,100.4000,TIER 3 / MILITARY
,Mag_KOD_VSS_40rnd,weapons,100.4000,TIER 3 / MILITARY
,Mag_KOD_AK47_20rnd,weapons,100.4000,TIER 3 / MILITARY
,Mag_KOD_AKALPHA_30rnd,weapons,100.4000,TIER 3 / MILITARY
,Mag_KOD_M60_100rnd,weapons,100.4000,TIER 3 / MILITARY
,PNC_VSSK_Mag,weapons,100.4000,TIER 4 / ALIEN
,PNC_Famas_Mag,weapons,100.4000,TIER 3 / MILITARY
,Mag_KOD_M249_200rnd,weapons,100.4000,TIER 3 / MILITARY
,Mag_KOD_RSASS_20rnd,weapons,100.4000,TIER 3 / MILITARY
,PNC_M200_Mag,weapons,100.4000,TIER 4 / ALIEN
,PNC_TAC21_Mag,weapons,100.4000,TIER 3 / MILITARY
,Mag_Groza_20Rnd,weapons,100.4100,TIER 3 / MILITARY
,Mag_AKM_30Rnd,weapons,100.4300,TIER 3 / MILITARY
,Mag_AKM_Palm30Rnd,weapons,100.4300,TIER 3 / MILITARY
,Mag_AKM_Palm30Rnd_Black,weapons,100.4300,TIER 3 / MILITARY
,Mag_AKM_Palm30Rnd_Green,weapons,100.4300,TIER 3 / MILITARY
,KOD_ACOG,weapons,100.4400,TIER 3 / MILITARY
,KOD_ACOG_RMR_Black,weapons,100.4400,TIER 3 / MILITARY
,KOD_ACOG_RMR_FDE,weapons,100.4400,TIER 3 / MILITARY
,SKS_Bayonet,weapons,100.4500,TIER 3 / MILITARY
,AKS74U_Bttstck,weapons,100.4500,TIER 3 / MILITARY
,AKS74U_Bttstck_Black,weapons,100.4500,TIER 3 / MILITARY
,AKS74U_Bttstck_Green,weapons,100.4500,TIER 3 / MILITARY
,KOD_ReapIR,weapons,100.4500,TIER 3 / MILITARY
,Mag_STANAG_60Rnd,weapons,100.4500,TIER 3 / MILITARY
,PNC_KIVAARI_Bttstck,weapons,100.4540,TIER 3 / MILITARY
,PNC_KIVAARI_Bttstck_camo,weapons,100.4540,TIER 3 / MILITARY
,PNC_KIVAARI_Bttstck_hive,weapons,100.4540,TIER 3 / MILITARY
,PNC_KIVAARI_Bttstck_kryp,weapons,100.4540,TIER 3 / MILITARY
,PNC_Fal_RISHndgrd,weapons,100.4700,TIER 3 / MILITARY
,Mosin_Bayonet,weapons,100.4800,TIER 3 / MILITARY
,KOD_HAMR,weapons,100.5000,TIER 3 / MILITARY
,KOD_Specter,weapons,100.5000,TIER 3 / MILITARY
,KOD_Spitfire_Mosin,weapons,100.5000,TIER 3 / MILITARY
,KOD_Spitfire_AK,weapons,100.5000,TIER 3 / MILITARY
,KOD_AmmoBox_50calBW_20Rnd,weapons,100.5000,TIER 3 / MILITARY
,KOD_AmmoBox_145x114_10Rnd,weapons,100.5000,TIER 3 / MILITARY
,KOD_PKP_Tac_Buttstock_Black,weapons,100.5000,TIER 3 / MILITARY
,KOD_PKP_Tac_Buttstock_FDE,weapons,100.5000,TIER 3 / MILITARY
,Mag_KOD_RPK16_96rnd,weapons,100.5000,TIER 3 / MILITARY
,PNC_M60_Mag,weapons,100.5000,TIER 3 / MILITARY
,Mag_KOD_AX50_5rnd,weapons,100.5000,TIER 4 / ALIEN
,Mag_KOD_PKM_100rnd,weapons,100.5000,TIER 3 / MILITARY
,OH_Mask2_woodlandfall,weapons,100.5100,UNDERGROUND
,AK74_WoodBttstck,weapons,100.5300,TIER 3 / MILITARY
,AK74_WoodBttstck_Black,weapons,100.5300,TIER 3 / MILITARY
,AK74_WoodBttstck_Camo,weapons,100.5300,TIER 3 / MILITARY
,Fal_OeBttstck,weapons,100.5300,TIER 3 / MILITARY
,Fal_FoldingBttstck,weapons,100.5300,TIER 3 / MILITARY
,PoliceBaton,weapons,100.5400,TIER 3 / MILITARY
,AK74_Hndgrd,weapons,100.5500,TIER 3 / MILITARY
,AK74_Hndgrd_Black,weapons,100.5500,TIER 3 / MILITARY
,AK74_Hndgrd_Camo,weapons,100.5500,TIER 3 / MILITARY
,Scarf_Brown,weapons,100.5500,TIER 3 / MILITARY
,Scarf_ColorPalette1,weapons,100.5500,TIER 3 / MILITARY
,Scarf_Blue,weapons,100.5500,TIER 3 / MILITARY
,Shemagh_Scarf_Brown,weapons,100.5500,TIER 3 / MILITARY
,Shemagh_Scarf_Green,weapons,100.5500,TIER 3 / MILITARY
,Shemagh_Scarf_Black,weapons,100.5500,TIER 3 / MILITARY
,Shemagh_Scarf_White,weapons,100.5500,TIER 3 / MILITARY
,Shemagh_Scarf_Red,weapons,100.5500,TIER 3 / MILITARY
,Mag_VAL_20Rnd,weapons,100.5500,TIER 3 / MILITARY
,GrozaOptic,weapons,100.6000,TIER 3 / MILITARY
,KOD_PSO1,weapons,100.6000,TIER 3 / MILITARY
,Mag_CMAG_100Rnd_Black,weapons,100.6000,TIER 3 / MILITARY
,Mag_KOD_Beowulf_10rnd,weapons,100.6000,TIER 3 / MILITARY
,HuntingOptic,weapons,100.7000,TIER 3 / MILITARY
,KOD_K624,weapons,100.7000,TIER 3 / MILITARY
,KOD_ATACR8,weapons,100.7000,TIER 3 / MILITARY
,KOD_ReapIR_Mosin,weapons,100.7000,TIER 3 / MILITARY
,KOD_ReapIR_AK,weapons,100.7000,TIER 3 / MILITARY
,KOD_Specter_Mosin,weapons,100.7000,TIER 3 / MILITARY
,KOD_Specter_AK,weapons,100.7000,TIER 3 / MILITARY
,KOD_XM157,weapons,100.7000,TIER 3 / MILITARY
,Mag_KOD_PKP_150rnd,weapons,100.7000,TIER 3 / MILITARY
,PNC_Fal_OeBttstckWooden,weapons,100.7300,TIER 3 / MILITARY
,Mag_Vikhr_30Rnd,weapons,100.7500,TIER 3 / MILITARY
,KOD_ACOG_Mosin,weapons,100.8000,TIER 3 / MILITARY
,KOD_ACOG_AK,weapons,100.8000,TIER 3 / MILITARY
,KOD_ACOG_RMR_Mosin_Black,weapons,100.8000,TIER 3 / MILITARY
,KOD_ACOG_RMR_Mosin_FDE,weapons,100.8000,TIER 3 / MILITARY
,KOD_ACOG_RMR_AK_Black,weapons,100.8000,TIER 3 / MILITARY
,KOD_ACOG_RMR_AK_FDE,weapons,100.8000,TIER 3 / MILITARY
,KOD_LeupoldMk8,weapons,100.8000,TIER 3 / MILITARY
,KOD_Diamondback,weapons,100.8000,TIER 3 / MILITARY
,KOD_AmmoBox_127x55_20Rnd,weapons,100.8000,TIER 3 / MILITARY
,KOD_HAMR_Mosin,weapons,100.8500,TIER 3 / MILITARY
,KOD_HAMR_AK,weapons,100.8500,TIER 3 / MILITARY
,KOD_K624_Mosin,weapons,100.9000,TIER 3 / MILITARY
,KOD_K624_AK,weapons,100.9000,TIER 3 / MILITARY
,KOD_Shortdot,weapons,100.9000,TIER 3 / MILITARY
,KOD_XM157_Mosin,weapons,100.9000,TIER 3 / MILITARY
,KOD_XM157_AK,weapons,100.9000,TIER 3 / MILITARY
,MedievalBoots,weapons,101.0000,TIER 3 / MILITARY
,BookScaramouche,weapons,101.0000,TIER 3 / MILITARY
,BookTheScarletPimpernel,weapons,101.0000,TIER 3 / MILITARY
,Flag_LivoniaPolice,weapons,101.0000,TIER 3 / MILITARY
,Flag_HunterZ,weapons,101.0000,TIER 3 / MILITARY
,Plant_Pumpkin,weapons,101.0000,CONSTRUCTION & SPARE PARTS
,KOD_LeupoldMk8_Mosin,weapons,101.0000,TIER 3 / MILITARY
,KOD_LeupoldMk8_AK,weapons,101.0000,TIER 3 / MILITARY
,KOD_ATACR8_Mosin,weapons,101.0000,TIER 3 / MILITARY
,KOD_ATACR8_AK,weapons,101.0000,TIER 3 / MILITARY
,KOD_XSight,weapons,101.0000,TIER 3 / MILITARY
,KOD_AWM_Suppressor,weapons,101.0000,TIER 4 / ALIEN
,KOD_M82A2_Suppressor_Grey,weapons,101.0000,TIER 4 / ALIEN
,KOD_M82A2_Suppressor_Black,weapons,101.0000,TIER 4 / ALIEN
,KOD_M82A2_Suppressor_Tan,weapons,101.0000,TIER 4 / ALIEN
,Mag_AKM_Drum75Rnd,weapons,101.1000,TIER 3 / MILITARY
,Mag_AKM_Drum75Rnd_Black,weapons,101.1000,TIER 3 / MILITARY
,Mag_AKM_Drum75Rnd_Green,weapons,101.1000,TIER 3 / MILITARY
,KOD_AWM_Scope,weapons,101.1130,TIER 4 / ALIEN
,KOD_Shortdot_Mosin,weapons,101.2000,TIER 3 / MILITARY
,KOD_Shortdot_AK,weapons,101.2000,TIER 3 / MILITARY
,KOD_Diamondback_Mosin,weapons,101.2000,TIER 3 / MILITARY
,KOD_Diamondback_AK,weapons,101.2000,TIER 3 / MILITARY
,DarkMotoHelmet_YellowScarred,weapons,101.2100,TIER 3 / MILITARY
,DarkMotoHelmet_YellowScarred_Test,weapons,101.2100,TIER 3 / MILITARY
,KOD_XSight_Mosin,weapons,101.3000,TIER 3 / MILITARY
,KOD_XSight_AK,weapons,101.3000,TIER 3 / MILITARY
,KOD_ADO,weapons,101.8000,TIER 3 / MILITARY
,Ammo_LAW_HE,weapons,101.8000,TIER 3 / MILITARY
,GrozaGL_LowerReceiver,weapons,101.9540,TIER 3 / MILITARY
,TrumpetParts,weapons,102.0000,TIER 3 / MILITARY
,KOD_ADO_Mosin,weapons,102.0000,TIER 3 / MILITARY
,KOD_ADO_AK,weapons,102.0000,TIER 3 / MILITARY
,Mag_M249_Box200Rnd,weapons,102.0000,TIER 3 / MILITARY
,Ammo_RPG7_HE,weapons,102.2000,TIER 3 / MILITARY
,Ammo_RPG7_AP,weapons,102.2000,TIER 3 / MILITARY
,AmmoBox,weapons,102.2500,TIER 3 / MILITARY
,KOD_AmmoBox_20mm_5Rnd,weapons,102.2500,TIER 3 / MILITARY
,OH_hunting_black,weapons,102.3000,TIER 3 / MILITARY
,OH_hunting_grey,weapons,102.3000,TIER 3 / MILITARY
,OH_hunting2_tan,weapons,102.3000,TIER 3 / MILITARY
,OH_hunting2_olive,weapons,102.3000,TIER 3 / MILITARY
,OH_hunting2_black,weapons,102.3000,TIER 3 / MILITARY
,KOD_VR80,weapons,103.6000,TIER 3 / MILITARY
,KOD_Raptr,weapons,104.5000,TIER 3 / MILITARY
,KOD_ASH12,weapons,105.2000,TIER 3 / MILITARY
,Mp133Shotgun_PistolGrip,weapons,127.8000,TIER 1 & 2
,Mp133Shotgun,weapons,128.3000,TIER 1 & 2
,KOD_Revolver50Cal,weapons,132.5000,UNDERGROUND
,MakarovIJ70,weapons,167.4267,TIER 1 & 2
,AKS74U,weapons,192.7000,TIER 3 / MILITARY
,AKS74U_Black,weapons,192.7000,TIER 3 / MILITARY
,AKS74U_Green,weapons,192.7000,TIER 3 / MILITARY
,KOD_PPSh,weapons,203.6000,TIER 3 / MILITARY
,CZ75,weapons,223.2222,TIER 1 & 2
,SawedoffMosin9130,weapons,253.0000,TIER 3 / MILITARY
,SawedoffMosin9130_Black,weapons,253.0000,TIER 3 / MILITARY
,SawedoffMosin9130_Green,weapons,253.0000,TIER 3 / MILITARY
,SawedoffMosin9130_Camo,weapons,253.0000,TIER 3 / MILITARY
,KOD_M1928A1,weapons,319.1857,TIER 3 / MILITARY
,KOD_SUB2000,weapons,330.3714,UNDERGROUND
,KOD_SUB2000_Suppressed,weapons,330.3714,UNDERGROUND
,Glock19,weapons,334.3333,TIER 1 & 2
,Deagle,weapons,334.8333,TIER 1 & 2
,Deagle_Gold,weapons,334.8333,TIER 1 & 2
,KOD_Vector,weapons,335.8333,TIER 3 / MILITARY
,MP5K,weapons,351.8400,TIER 3 / MILITARY
,UMP45,weapons,352.5000,TIER 3 / MILITARY
,AK74,weapons,353.0700,TIER 3 / MILITARY
,AK74_Black,weapons,353.0700,TIER 3 / MILITARY
,AK74_Green,weapons,353.0700,TIER 3 / MILITARY
,KOD_Glock17_Custom_Black,weapons,401.2000,TIER 1 & 2
,KOD_Glock17_Custom_Tan,weapons,401.2000,TIER 1 & 2
,KOD_Glock17_Custom_BlackTan,weapons,401.2000,TIER 1 & 2
,KOD_Glock17_Custom_TanBlack,weapons,401.2000,TIER 1 & 2
,KOD_Glock17_Standard_Black,weapons,401.2000,TIER 1 & 2
,KOD_Glock17_Standard_Tan,weapons,401.2000,TIER 1 & 2
,KOD_Glock17_Standard_BlackTan,weapons,401.2000,TIER 1 & 2
,KOD_Glock17_Standard_TanBlack,weapons,401.2000,TIER 1 & 2
,KOD_MP5SD,weapons,403.4000,TIER 3 / MILITARY
,KOD_Beowulf,weapons,403.9000,TIER 3 / MILITARY
,PP19,weapons,419.5667,TIER 1 & 2
,KOD_HK417,weapons,443.9000,TIER 3 / MILITARY
,AKM,weapons,452.1400,TIER 3 / MILITARY
,AKM_TESTBED,weapons,452.1400,TIER 3 / MILITARY
,M4A1,weapons,452.2760,TIER 3 / MILITARY
,M4A1_Green,weapons,452.2760,TIER 3 / MILITARY
,M4A1_Black,weapons,452.2760,TIER 3 / MILITARY
,AK101,weapons,453.0770,TIER 3 / MILITARY
,AK101_Black,weapons,453.0770,TIER 3 / MILITARY
,AK101_Green,weapons,453.0770,TIER 3 / MILITARY
,FAL,weapons,453.7000,TIER 3 / MILITARY
,PNC_W_FAL,weapons,453.7000,TIER 3 / MILITARY
,KOD_VSK94,weapons,456.1455,TIER 3 / MILITARY
,Groza,weapons,478.8905,TIER 3 / MILITARY
,VSS,weapons,502.6000,TIER 3 / MILITARY
,ASVAL,weapons,502.6000,TIER 3 / MILITARY
,M16A2,weapons,502.9000,TIER 3 / MILITARY
,KOD_AEK971,weapons,503.5300,TIER 3 / MILITARY
,FAMAS,weapons,503.6000,TIER 3 / MILITARY
,SawedoffFAMAS,weapons,503.6000,TIER 3 / MILITARY
,KOD_FAMAS,weapons,503.8000,TIER 3 / MILITARY
,KOD_M249,weapons,506.5000,TIER 3 / MILITARY
,M249,weapons,507.5000,TIER 3 / MILITARY
,KOD_Scorpion,weapons,537.4000,TIER 3 / MILITARY
,AugShort,weapons,569.8667,TIER 3 / MILITARY
,KOD_AKM,weapons,602.5400,TIER 3 / MILITARY
,KOD_Mk18,weapons,616.8333,TIER 3 / MILITARY
,Trumpet,weapons,668.6667,TIER 3 / MILITARY
,PNC_W_AEK971,weapons,668.8067,TIER 3 / MILITARY
,KOD_DrumShotgun,weapons,669.6667,TIER 3 / MILITARY
,KOD_AK47,weapons,670.1667,TIER 3 / MILITARY
,Aug,weapons,670.2667,TIER 3 / MILITARY
,PNC_W_SCARH,weapons,670.4667,TIER 3 / MILITARY
,PNC_W_ScarH_camo,weapons,670.4667,TIER 3 / MILITARY
,PNC_W_ScarH_hive,weapons,670.4667,TIER 3 / MILITARY
,PNC_W_ScarH_kryp,weapons,670.4667,TIER 3 / MILITARY
,PNC_W_ScarH_pixel,weapons,670.4667,TIER 3 / MILITARY
,PNC_W_SCAR,weapons,670.5667,TIER 3 / MILITARY
,PNC_W_Scar_camo,weapons,670.5667,TIER 3 / MILITARY
,PNC_W_Scar_hive,weapons,670.5667,TIER 3 / MILITARY
,PNC_W_Scar_kryp,weapons,670.5667,TIER 3 / MILITARY
,PNC_W_Scar_pixel,weapons,670.5667,TIER 3 / MILITARY
,KOD_M60E3,weapons,676.6667,TIER 3 / MILITARY
,KOD_Evolys,weapons,698.5077,TIER 3 / MILITARY
,KOD_PKP,weapons,700.5077,TIER 3 / MILITARY
,KOD_PKP_Tac_Black,weapons,700.5077,TIER 3 / MILITARY
,KOD_PKP_Tac_FDE,weapons,700.5077,TIER 3 / MILITARY
,SKS,weapons,737.1833,TIER 3 / MILITARY
,SKS_Black,weapons,737.1833,TIER 3 / MILITARY
,SKS_Green,weapons,737.1833,TIER 3 / MILITARY
,KOD_M110_Tan,weapons,737.2333,TIER 4 / ALIEN
,KOD_M110_Black,weapons,737.2333,TIER 4 / ALIEN
,KOD_PKM,weapons,742.3333,TIER 3 / MILITARY
,KOD_TAR21_Black,weapons,753.2700,TIER 3 / MILITARY
,KOD_TAR21_Tan,weapons,753.2700,TIER 3 / MILITARY
,KOD_TAR21_Green,weapons,753.2700,TIER 3 / MILITARY
,KOD_AK15,weapons,772.7308,TIER 3 / MILITARY
,KOD_AK12,weapons,772.7308,TIER 3 / MILITARY
,KOD_SKS,weapons,789.3143,TIER 3 / MILITARY
,KOD_AR15Skeleton,weapons,802.9000,TIER 3 / MILITARY
,KOD_HK21_Black,weapons,804.6000,TIER 3 / MILITARY
,KOD_HK21_Old,weapons,804.6000,TIER 3 / MILITARY
,KOD_MCR_Tan,weapons,837.2333,TIER 3 / MILITARY
,KOD_MCR_Black,weapons,837.2333,TIER 3 / MILITARY
,KOD_MCR_BlackTan,weapons,837.2333,TIER 3 / MILITARY
,KOD_MCR_TanCamo,weapons,837.2333,TIER 3 / MILITARY
,KOD_MCR_UCPCamo,weapons,837.2333,TIER 3 / MILITARY
,KOD_MCR_WoodlandCamo,weapons,837.2333,TIER 3 / MILITARY
,KOD_M16A4,weapons,843.4000,TIER 3 / MILITARY
,Mosin9130,weapons,854.0000,TIER 3 / MILITARY
,Mosin9130_Black,weapons,854.0000,TIER 3 / MILITARY
,Mosin9130_Green,weapons,854.0000,TIER 3 / MILITARY
,Mosin9130_Camo,weapons,854.0000,TIER 3 / MILITARY
,KOD_MBR_Black,weapons,912.4909,TIER 3 / MILITARY
,KOD_MBR_Tan,weapons,912.4909,TIER 3 / MILITARY
,KOD_MBR_UCPCamo,weapons,912.4909,TIER 3 / MILITARY
,KOD_MBR_WoodlandCamo,weapons,912.4909,TIER 3 / MILITARY
,KOD_MBR_DesertCamo,weapons,912.4909,TIER 3 / MILITARY
,KOD_MDR_Black,weapons,912.4909,TIER 3 / MILITARY
,KOD_MDR_Tan,weapons,912.4909,TIER 3 / MILITARY
,KOD_SA58,weapons,970.6667,TIER 3 / MILITARY
,KOD_AKALPHA,weapons,1003.5000,TIER 3 / MILITARY
,KOD_RPK16,weapons,1004.0000,TIER 3 / MILITARY
,KOD_VSSK,weapons,1006.5000,TIER 4 / ALIEN
,SVD,weapons,1180.1706,TIER 4 / ALIEN
,SVD_Wooden,weapons,1180.1706,TIER 4 / ALIEN
,CZ527,weapons,1202.7200,TIER 3 / MILITARY
,CZ527_Black,weapons,1202.7200,TIER 3 / MILITARY
,CZ527_Green,weapons,1202.7200,TIER 3 / MILITARY
,CZ527_Camo,weapons,1202.7200,TIER 3 / MILITARY
,KOD_SVU,weapons,1205.0000,TIER 3 / MILITARY
,KOD_AK458_Plastic,weapons,1253.5000,TIER 3 / MILITARY
,KOD_AK458_Wood,weapons,1254.0000,TIER 3 / MILITARY
,KOD_K98,weapons,1281.4778,UNDERGROUND
,PNC_W_KIVAARI,weapons,1339.5333,TIER 3 / MILITARY
,PNC_W_KIVAARI_camo,weapons,1339.5333,TIER 3 / MILITARY
,PNC_W_KIVAARI_hive,weapons,1339.5333,TIER 3 / MILITARY
,PNC_W_KIVAARI_kryp,weapons,1339.5333,TIER 3 / MILITARY
,PNC_W_BarretM82A1,weapons,1346.8183,TIER 4 / ALIEN
,PNC_W_BarretM82A1_black,weapons,1346.8183,TIER 4 / ALIEN
,PNC_W_BarretM82A1_desert,weapons,1346.8183,TIER 4 / ALIEN
,PNC_W_BarretM82A1_snow,weapons,1346.8183,TIER 4 / ALIEN
,KOD_SCARH,weapons,1432.1714,TIER 3 / MILITARY
,KOD_CS5,weapons,1433.5714,TIER 3 / MILITARY
,PNC_W_AUGA3,weapons,2003.4540,TIER 3 / MILITARY
,Winchester70,weapons,2302.7210,TIER 3 / MILITARY
,Winchester70_Black,weapons,2302.7210,TIER 3 / MILITARY
,Winchester70_Green,weapons,2302.7210,TIER 3 / MILITARY
,KOD_DVL10M1,weapons,2405.7000,UNDERGROUND
,KOD_AS50_Black,weapons,2871.1429,TIER 4 / ALIEN
,KOD_AS50_Camo1,weapons,2871.1429,TIER 4 / ALIEN
,KOD_AS50_Camo2,weapons,2871.1429,TIER 4 / ALIEN
,KOD_AS50_Camo3,weapons,2871.1429,TIER 4 / ALIEN
,KOD_AS50_Camo4,weapons,2871.1429,TIER 4 / ALIEN
,KOD_GM6Lynx,weapons,2886.5000,UNDERGROUND
,PNC_W_Famas,weapons,3336.7873,TIER 3 / MILITARY
,KOD_RSASS_Black,weapons,3340.3333,TIER 3 / MILITARY
,KOD_RSASS_Tan,weapons,3340.3333,TIER 3 / MILITARY
,KOD_M82A2_Grey,weapons,4014.0000,UNDERGROUND
,KOD_M82A2_Tan,weapons,4014.0000,UNDERGROUND
,KOD_M82A2_Black,weapons,4014.0000,UNDERGROUND
,KOD_Alligator,weapons,5015.0000,TIER 4 / ALIEN
,KOD_KSVK,weapons,6009.5000,UNDERGROUND
,KOD_M300,weapons,6009.5000,UNDERGROUND
,KOD_AX50_Tan,weapons,6012.5000,UNDERGROUND
,KOD_AX50_Black,weapons,6012.5000,UNDERGROUND
,KOD_SRS338,weapons,7147.0271,TIER 3 / MILITARY
,KOD_SRS408,weapons,7147.0271,TIER 3 / MILITARY
,KOD_R700,weapons,8222.6767,UNDERGROUND
,KOD_Ruger,weapons,10004.4000,TIER 3 / MILITARY
,KOD_AWM,weapons,10006.5000,TIER 4 / ALIEN
,KOD_Kivaari_Grey,weapons,10505.5000,TIER 3 / MILITARY
,KOD_Kivaari_Black,weapons,10505.5000,TIER 3 / MILITARY
,KOD_Kivaari_Green,weapons,10505.5000,TIER 3 / MILITARY
,KOD_Kivaari_Tan,weapons,10505.5000,TIER 3 / MILITARY
,KOD_SV98_Green,weapons,10905.0000,TIER 3 / MILITARY
,KOD_SV98_Black,weapons,10905.0000,TIER 3 / MILITARY
,PNC_W_M60,weapons,11008.0000,TIER 3 / MILITARY
,KOD_CSR50,weapons,11510.0000,UNDERGROUND
,KOD_M200_Grey,weapons,11512.3000,UNDERGROUND
,KOD_M200_Black,weapons,11512.3000,UNDERGROUND
,KOD_DVL10,weapons,12006.0000,UNDERGROUND
,KOD_M300M,weapons,12008.0000,UNDERGROUND
,KOD_AR50A1,weapons,12015.5000,UNDERGROUND
,PNC_W_M110,weapons,110003.8000,TIER 4 / ALIEN
,PNC_VSSK_vychlop,weapons,5000006.0000,TIER 4 / ALIEN
,PNC_W_TAC21,weapons,1200000005.5000,TIER 3 / MILITARY
,PNC_W_M200CheyTac,weapons,1200000006.5000,TIER 4 / ALIEN
--- ARMOR & CLOTHING ---,,,,
,DirtBikeHelmet_Visor,clothing,0.0000,TIER 1 & 2
,DirtBikeHelmet_Mouthguard,clothing,0.0000,TIER 1 & 2
,PlateCarrierHolster,clothing,0.0000,TIER 1 & 2
,PlateCarrierHolster_Black,clothing,0.0000,TIER 1 & 2
,PlateCarrierHolster_Green,clothing,0.0000,TIER 1 & 2
,PlateCarrierHolster_Camo,clothing,0.0000,TIER 1 & 2
,PlateCarrierHolster_Winter,clothing,0.0000,TIER 1 & 2
,ChestHolster,clothing,0.0000,TIER 1 & 2
,ZmbM_Jacket_beige,clothing,0.0000,TIER 1 & 2
,ZmbM_Jacket_black,clothing,0.0000,TIER 1 & 2
,ZmbM_Jacket_blue,clothing,0.0000,TIER 1 & 2
,ZmbM_Jacket_brown,clothing,0.0000,TIER 1 & 2
,ZmbM_Jacket_greenchecks,clothing,0.0000,TIER 1 & 2
,ZmbM_Jacket_grey,clothing,0.0000,TIER 1 & 2
,ZmbM_Jacket_khaki,clothing,0.0000,TIER 1 & 2
,ZmbM_Jacket_stripes,clothing,0.0000,TIER 1 & 2
,ZmbM_Jacket_bluechecks,clothing,0.0000,TIER 1 & 2
,ZmbM_Jacket_magenta,clothing,0.0000,TIER 1 & 2
,GorkaHelmetVisor,clothing,0.0000,TIER 1 & 2
,GasMask_Filter_Improvised,clothing,0.0000,TIER 1 & 2
,Lard,clothing,0.0000,TIER 1 & 2
,AuriculariaMushroom,clothing,0.0000,TIER 1 & 2
,SalineBag,clothing,0.0000,TIER 1 & 2
,SalineBagIV,clothing,0.0000,TIER 1 & 2
,BloodBagEmpty,clothing,0.0000,TIER 1 & 2
,BloodBagFull,clothing,0.0000,TIER 1 & 2
,BloodBagIV,clothing,0.0000,TIER 1 & 2
,HB_FlipVehicle_Bollard,clothing,0.0000,TIER 1 & 2
,Psix_Vitamin_Uzbagoisya,clothing,0.0000,TIER 1 & 2
,CivilianBelt,clothing,0.0000,TIER 1 & 2
,MilitaryBelt,clothing,0.0000,TIER 1 & 2
,RopeBelt,clothing,0.0000,TIER 1 & 2
,LeatherBelt_Natural,clothing,0.0000,TIER 1 & 2
,LeatherBelt_Beige,clothing,0.0000,TIER 1 & 2
,LeatherBelt_Brown,clothing,0.0000,TIER 1 & 2
,LeatherBelt_Black,clothing,0.0000,TIER 1 & 2
,Roadflare,clothing,0.0000,TIER 1 & 2
,GasMask_Filter,clothing,0.0000,TIER 1 & 2
,Binoculars,clothing,0.0000,TIER 1 & 2
,AmmoBox_12gaBeanbag_10Rnd,clothing,0.0000,TIER 1 & 2
,Hatchet,clothing,0.0000,TIER 1 & 2
,savage_oshkosh_atv_belt,clothing,0.0000,TIER 1 & 2
,GAZTigr_hatch,clothing,0.0000,TIER 1 & 2
,GAZTigr_hatch_Black,clothing,0.0000,TIER 1 & 2
,GAZTigr_hatch_Camo,clothing,0.0000,TIER 1 & 2
,GAZTigr_hatch_CamoBlack,clothing,0.0000,TIER 1 & 2
,GAZTigr_hatch_Winter,clothing,0.0000,TIER 1 & 2
,GAZTigr_hatch_Tan,clothing,0.0000,TIER 1 & 2
,GAZTigr_hatch_Skull,clothing,0.0000,TIER 1 & 2
,GAZTigr_hatch_Rofl,clothing,0.0000,TIER 1 & 2
,HMMWV_M1151A1_hatch,clothing,0.0000,TIER 1 & 2
,HMMWV_M1151A1_hatch_Camo,clothing,0.0000,TIER 1 & 2
,HMMWV_M1151A1_hatch_Desert,clothing,0.0000,TIER 1 & 2
,InsSUV_hatch,clothing,0.0000,TIER 1 & 2
,InsSUV_hatch_Black,clothing,0.0000,TIER 1 & 2
,InsSUV_hatch_Winter,clothing,0.0000,TIER 1 & 2
,InsSUV_hatch_Tan,clothing,0.0000,TIER 1 & 2
,NVGHeadstrap,clothing,0.0000,TIER 1 & 2
,NVGoggles,clothing,0.0000,TIER 1 & 2
,AlarmClock_Red,clothing,0.0000,TIER 1 & 2
,AlarmClock_Blue,clothing,0.0000,TIER 1 & 2
,AlarmClock_Green,clothing,0.0000,TIER 1 & 2
,FC_Container_Large_Green,clothing,0.0000,TIER 1 & 2
,FC_Container_Large_Yellow,clothing,0.0000,TIER 1 & 2
,FC_Container_Large_Red,clothing,0.0000,TIER 1 & 2
,FC_Container_Large_Blue,clothing,0.0000,TIER 1 & 2
,FC_Container_Large_Grey,clothing,0.0000,TIER 1 & 2
,FC_Container_Large_Black,clothing,0.0000,TIER 1 & 2
,FC_Container_Large_White,clothing,0.0000,TIER 1 & 2
,OH_Invis_Gloves,clothing,0.0000,TIER 1 & 2
,OH_nvg_foureyes_tan,clothing,0.0000,TIER 1 & 2
,OH_nvg_foureyes_black,clothing,0.0000,TIER 1 & 2
,OH_nvg_foureyes_olive,clothing,0.0000,TIER 1 & 2
,OH_Small_bag_altin_cover_black,clothing,0.0000,TIER 1 & 2
,OH_Small_bag_altin_cover_green,clothing,0.0000,TIER 1 & 2
,OH_Small_bag_altin_cover_ATACS,clothing,0.0000,TIER 1 & 2
,OH_Small_bag_altin_cover_BEREZKA,clothing,0.0000,TIER 1 & 2
,OH_Small_bag_altin_cover_DUBOK_1,clothing,0.0000,TIER 1 & 2
,OH_Small_bag_altin_cover_DUBOK_2,clothing,0.0000,TIER 1 & 2
,OH_Small_bag_altin_cover_EMR,clothing,0.0000,TIER 1 & 2
,OH_Small_bag_altin_cover_FLEKTARN,clothing,0.0000,TIER 1 & 2
,OH_Small_bag_altin_cover_FLORA,clothing,0.0000,TIER 1 & 2
,OH_Small_bag_altin_cover_GERMAN,clothing,0.0000,TIER 1 & 2
,OH_Small_bag_altin_cover_IZLOM,clothing,0.0000,TIER 1 & 2
,OH_Small_bag_altin_cover_PARTIZAN,clothing,0.0000,TIER 1 & 2
,OH_Small_bag_altin_cover_VELES_black,clothing,0.0000,TIER 1 & 2
,OH_Small_bag_altin_cover_VELES_green,clothing,0.0000,TIER 1 & 2
,OH_Small_bag_6b47_cover_black,clothing,0.0000,TIER 1 & 2
,OH_Small_bag_6b47_cover_green,clothing,0.0000,TIER 1 & 2
,OH_Small_bag_6b47_cover_ATACS,clothing,0.0000,TIER 1 & 2
,OH_Small_bag_6b47_cover_BEREZKA,clothing,0.0000,TIER 1 & 2
,OH_Small_bag_6b47_cover_DUBOK_1,clothing,0.0000,TIER 1 & 2
,OH_Small_bag_6b47_cover_DUBOK_2,clothing,0.0000,TIER 1 & 2
,OH_Small_bag_6b47_cover_EMR,clothing,0.0000,TIER 1 & 2
,OH_Small_bag_6b47_cover_FLEKTARN,clothing,0.0000,TIER 1 & 2
,OH_Small_bag_6b47_cover_FLORA,clothing,0.0000,TIER 1 & 2
,OH_Small_bag_6b47_cover_GERMAN,clothing,0.0000,TIER 1 & 2
,OH_Small_bag_6b47_cover_IZLOM,clothing,0.0000,TIER 1 & 2
,OH_Small_bag_6b47_cover_PARTIZAN,clothing,0.0000,TIER 1 & 2
,OH_Small_bag_mich_cover_black,clothing,0.0000,TIER 1 & 2
,OH_Small_bag_mich_cover_green,clothing,0.0000,TIER 1 & 2
,OH_Small_bag_mich_cover_ATACS,clothing,0.0000,TIER 1 & 2
,OH_Small_bag_mich_cover_BEREZKA,clothing,0.0000,TIER 1 & 2
,OH_Small_bag_mich_cover_DUBOK_1,clothing,0.0000,TIER 1 & 2
,OH_Small_bag_mich_cover_DUBOK_2,clothing,0.0000,TIER 1 & 2
,OH_Small_bag_mich_cover_EMR,clothing,0.0000,TIER 1 & 2
,OH_Small_bag_mich_cover_FLEKTARN,clothing,0.0000,TIER 1 & 2
,OH_Small_bag_mich_cover_FLORA,clothing,0.0000,TIER 1 & 2
,OH_Small_bag_mich_cover_GERMAN,clothing,0.0000,TIER 1 & 2
,OH_Small_bag_mich_cover_IZLOM,clothing,0.0000,TIER 1 & 2
,OH_Small_bag_mich_cover_PARTIZAN,clothing,0.0000,TIER 1 & 2
,OH_sleeping_bag_1_blue_Kit,clothing,0.0000,TIER 1 & 2
,OH_sleeping_bag_1_green_Kit,clothing,0.0000,TIER 1 & 2
,OH_sleeping_bag_1_blue,clothing,0.0000,TIER 1 & 2
,OH_sleeping_bag_1_green,clothing,0.0000,TIER 1 & 2
,Flaregun,clothing,0.0000,TIER 1 & 2
,Ammo_12gaBeanbag,clothing,0.0000,TIER 1 & 2
,SurgicalGloves_Blue,clothing,0.0500,TIER 1 & 2
,SurgicalGloves_LightBlue,clothing,0.0500,TIER 1 & 2
,SurgicalGloves_Green,clothing,0.0500,TIER 1 & 2
,SurgicalGloves_White,clothing,0.0500,TIER 1 & 2
,HockeyMask,clothing,0.0500,TIER 1 & 2
,OH_GhostGloves,clothing,0.0500,TIER 1 & 2
,OH_GhostGloves_Black,clothing,0.0500,TIER 1 & 2
,MedicalScrubsHat_Blue,clothing,0.1000,TIER 1 & 2
,MedicalScrubsHat_White,clothing,0.1000,TIER 1 & 2
,MedicalScrubsHat_Green,clothing,0.1000,TIER 1 & 2
,PaydayMask_Dallas,clothing,0.1000,TIER 1 & 2
,PaydayMask_Hoxton,clothing,0.1000,TIER 1 & 2
,PaydayMask_Wolf,clothing,0.1000,TIER 1 & 2
,PaydayMask_Chains,clothing,0.1000,TIER 1 & 2
,SurgicalMask,clothing,0.1000,TIER 1 & 2
,MimeMask_Male,clothing,0.1000,TIER 1 & 2
,MimeMask_Female,clothing,0.1000,TIER 1 & 2
,EyeMask_NewYears,clothing,0.1000,TIER 1 & 2
,EyeMask_Christmas,clothing,0.1000,TIER 1 & 2
,EyeMask_Dead,clothing,0.1000,TIER 1 & 2
,EyeMask_Black,clothing,0.1000,TIER 1 & 2
,EyeMask_Blue,clothing,0.1000,TIER 1 & 2
,EyeMask_Red,clothing,0.1000,TIER 1 & 2
,EyeMask_Yellow,clothing,0.1000,TIER 1 & 2
,OH_Tactical_Belt_holder_black,clothing,0.1000,TIER 1 & 2
,OH_Tactical_Belt_holder_green,clothing,0.1000,TIER 1 & 2
,OH_Tactical_Belt_holder_Tan,clothing,0.1000,TIER 1 & 2
,OH_Tactical_Belt_black,clothing,0.1000,TIER 1 & 2
,OH_Tactical_Belt_Camo,clothing,0.1000,TIER 1 & 2
,OH_Tactical_Belt_green,clothing,0.1000,TIER 1 & 2
,OH_Tactical_Belt_Tan,clothing,0.1000,TIER 1 & 2
,St_SkullMask,clothing,0.1300,TIER 1 & 2
,St_DeadShotMask,clothing,0.1300,TIER 1 & 2
,OfficerHat,clothing,0.2000,TIER 1 & 2
,NioshFaceMask,clothing,0.2000,TIER 1 & 2
,ReflexVest,clothing,0.2000,TIER 1 & 2
,SkullMask,clothing,0.2000,TIER 1 & 2
,OH_GhostMask,clothing,0.2000,TIER 1 & 2
,BoonieHat_Black,clothing,0.3000,TIER 1 & 2
,BoonieHat_Blue,clothing,0.3000,TIER 1 & 2
,BoonieHat_DPM,clothing,0.3000,TIER 1 & 2
,BoonieHat_Dubok,clothing,0.3000,TIER 1 & 2
,BoonieHat_Flecktran,clothing,0.3000,TIER 1 & 2
,BoonieHat_NavyBlue,clothing,0.3000,TIER 1 & 2
,BoonieHat_Olive,clothing,0.3000,TIER 1 & 2
,BoonieHat_Orange,clothing,0.3000,TIER 1 & 2
,BoonieHat_Red,clothing,0.3000,TIER 1 & 2
,BoonieHat_Tan,clothing,0.3000,TIER 1 & 2
,BoonieHat_Winter,clothing,0.3000,TIER 1 & 2
,OH_SkullMask_Purple,clothing,0.3000,TIER 1 & 2
,OH_SkullMask_Brown,clothing,0.3000,TIER 1 & 2
,OH_SkullMask_Red,clothing,0.3000,TIER 1 & 2
,OH_SkullMask_White,clothing,0.3000,TIER 1 & 2
,NBCGlovesGray,clothing,0.3500,TIER 1 & 2
,NBCGlovesYellow,clothing,0.3500,TIER 1 & 2
,OH_Blacknbc_gloves,clothing,0.3500,TIER 1 & 2
,OH_Orangenbc_gloves,clothing,0.3500,TIER 1 & 2
,OH_Yelownbc_gloves,clothing,0.3500,TIER 1 & 2
,CowboyHat_Brown,clothing,0.4000,TIER 1 & 2
,CowboyHat_black,clothing,0.4000,TIER 1 & 2
,CowboyHat_darkBrown,clothing,0.4000,TIER 1 & 2
,CowboyHat_green,clothing,0.4000,TIER 1 & 2
,LeatherHat_Natural,clothing,0.4000,TIER 1 & 2
,LeatherHat_Beige,clothing,0.4000,TIER 1 & 2
,LeatherHat_Brown,clothing,0.4000,TIER 1 & 2
,LeatherHat_Black,clothing,0.4000,TIER 1 & 2
,NBCBootsGray,clothing,0.4000,TIER 1 & 2
,NBCBootsYellow,clothing,0.4000,TIER 1 & 2
,NBCBootsWhite,clothing,0.4000,TIER 1 & 2
,Slouch_Hat_Brown,clothing,0.4000,TIER 1 & 2
,OH_PoliceBoots,clothing,0.4000,TIER 1 & 2
,OH_Blacknbc_boots,clothing,0.4000,TIER 1 & 2
,OH_Orangenbc_boots,clothing,0.4000,TIER 1 & 2
,OH_Yelownbc_boots,clothing,0.4000,TIER 1 & 2
,Fingerless_Gloves,clothing,0.4500,TIER 1 & 2
,Fingerless_Gloves_Brown,clothing,0.4500,TIER 1 & 2
,WorkingGloves_Black,clothing,0.5000,TIER 1 & 2
,WorkingGloves_Beige,clothing,0.5000,TIER 1 & 2
,WorkingGloves_Brown,clothing,0.5000,TIER 1 & 2
,WorkingGloves_Yellow,clothing,0.5000,TIER 1 & 2
,HikingBootsLow_Black,clothing,0.5000,TIER 1 & 2
,HikingBootsLow_Blue,clothing,0.5000,TIER 1 & 2
,HikingBootsLow_Beige,clothing,0.5000,TIER 1 & 2
,HikingBootsLow_Grey,clothing,0.5000,TIER 1 & 2
,Fingerless_Gloves_Wool,clothing,0.5000,TIER 1 & 2
,Fingerless_Gloves_Wool_Grey,clothing,0.5000,TIER 1 & 2
,Fingerless_Gloves_Wool_Black,clothing,0.5000,TIER 1 & 2
,LargeTentBackPack,clothing,0.5000,TIER 1 & 2
,TacticalGloves_Black,clothing,0.6000,TIER 1 & 2
,TacticalGloves_Beige,clothing,0.6000,TIER 1 & 2
,TacticalGloves_Green,clothing,0.6000,TIER 1 & 2
,GasMask,clothing,0.6000,TIER 1 & 2
,OH_Tactical_gloves_half_finger_Black,clothing,0.6000,TIER 1 & 2
,OH_Tactical_gloves_half_finger_Tan,clothing,0.6000,TIER 1 & 2
,OH_Tactical_gloves_half_finger_Green,clothing,0.6000,TIER 1 & 2
,WoolGlovesFingerless_Green,clothing,0.6500,TIER 1 & 2
,WoolGlovesFingerless_Black,clothing,0.6500,TIER 1 & 2
,WoolGlovesFingerless_Tan,clothing,0.6500,TIER 1 & 2
,WoolGlovesFingerless_White,clothing,0.6500,TIER 1 & 2
,WoolGlovesFingerless_ChristmasBlue,clothing,0.6500,TIER 1 & 2
,WoolGlovesFingerless_ChristmasRed,clothing,0.6500,TIER 1 & 2
,WorkingBoots_Grey,clothing,0.6500,TIER 1 & 2
,WorkingBoots_Brown,clothing,0.6500,TIER 1 & 2
,WorkingBoots_Green,clothing,0.6500,TIER 1 & 2
,WorkingBoots_Yellow,clothing,0.6500,TIER 1 & 2
,WorkingBoots_Beige,clothing,0.6500,TIER 1 & 2
,BeanieHat_Beige,clothing,0.7000,TIER 1 & 2
,BeanieHat_Black,clothing,0.7000,TIER 1 & 2
,BeanieHat_Blue,clothing,0.7000,TIER 1 & 2
,BeanieHat_Brown,clothing,0.7000,TIER 1 & 2
,BeanieHat_Green,clothing,0.7000,TIER 1 & 2
,BeanieHat_Grey,clothing,0.7000,TIER 1 & 2
,BeanieHat_Pink,clothing,0.7000,TIER 1 & 2
,BeanieHat_Red,clothing,0.7000,TIER 1 & 2
,GP5GasMask,clothing,0.7000,TIER 1 & 2
,TTSKOBoots,clothing,0.7000,TIER 1 & 2
,Plague_Mask,clothing,0.7000,TIER 1 & 2
,PMK_5A_Gas_Mask,clothing,0.7000,TIER 1 & 2
,Kirza_Boots,clothing,0.7400,TIER 1 & 2
,OMNOGloves_Gray,clothing,0.8000,TIER 1 & 2
,OMNOGloves_Brown,clothing,0.8000,TIER 1 & 2
,BudenovkaHat_Gray,clothing,0.8000,TIER 1 & 2
,AirborneMask,clothing,0.8000,TIER 1 & 2
,JungleBoots_Beige,clothing,0.8000,TIER 1 & 2
,JungleBoots_Black,clothing,0.8000,TIER 1 & 2
,JungleBoots_Brown,clothing,0.8000,TIER 1 & 2
,JungleBoots_Green,clothing,0.8000,TIER 1 & 2
,JungleBoots_Olive,clothing,0.8000,TIER 1 & 2
,WoolGloves_Green,clothing,0.9000,TIER 1 & 2
,WoolGloves_Black,clothing,0.9000,TIER 1 & 2
,WoolGloves_Tan,clothing,0.9000,TIER 1 & 2
,WoolGloves_White,clothing,0.9000,TIER 1 & 2
,WoolGloves_ChristmasBlue,clothing,0.9000,TIER 1 & 2
,WoolGloves_ChristmasRed,clothing,0.9000,TIER 1 & 2
,PetushokHat_Black,clothing,0.9000,TIER 1 & 2
,PetushokHat_Yellow,clothing,0.9000,TIER 1 & 2
,PetushokHat_Green,clothing,0.9000,TIER 1 & 2
,HikingBoots_Brown,clothing,0.9000,TIER 1 & 2
,HikingBoots_Black,clothing,0.9000,TIER 1 & 2
,MilitaryBoots_Beige,clothing,0.9000,TIER 1 & 2
,MilitaryBoots_Black,clothing,0.9000,TIER 1 & 2
,MilitaryBoots_Bluerock,clothing,0.9000,TIER 1 & 2
,MilitaryBoots_Brown,clothing,0.9000,TIER 1 & 2
,MilitaryBoots_Redpunk,clothing,0.9000,TIER 1 & 2
,Shemagh_Facemask_Brown,clothing,0.9000,TIER 1 & 2
,Shemagh_Facemask_Green,clothing,0.9000,TIER 1 & 2
,Shemagh_Facemask_Black,clothing,0.9000,TIER 1 & 2
,Shemagh_Facemask_White,clothing,0.9000,TIER 1 & 2
,Shemagh_Facemask_Red,clothing,0.9000,TIER 1 & 2
,OH_boots_army_forest_camo,clothing,0.9000,TIER 1 & 2
,OH_HunterBoots,clothing,0.9000,TIER 1 & 2
,LeatherGloves_Natural,clothing,1.0000,TIER 1 & 2
,LeatherGloves_Beige,clothing,1.0000,TIER 1 & 2
,LeatherGloves_Black,clothing,1.0000,TIER 1 & 2
,LeatherGloves_Brown,clothing,1.0000,TIER 1 & 2
,PaddedGloves_Brown,clothing,1.0000,TIER 1 & 2
,PaddedGloves_Beige,clothing,1.0000,TIER 1 & 2
,PaddedGloves_Threat,clothing,1.0000,TIER 1 & 2
,SkiGloves_Blue,clothing,1.0000,TIER 1 & 2
,SkiGloves_Red,clothing,1.0000,TIER 1 & 2
,SkiGloves_90s,clothing,1.0000,TIER 1 & 2
,PumpkinHelmet,clothing,1.0000,CONSTRUCTION & SPARE PARTS
,SantasHat,clothing,1.0000,TIER 1 & 2
,WitchHat,clothing,1.0000,TIER 1 & 2
,MorozkoHat,clothing,1.0000,TIER 1 & 2
,SherpaHat_Red,clothing,1.0000,TIER 1 & 2
,SherpaHat_Black,clothing,1.0000,TIER 1 & 2
,SherpaHat_Blue,clothing,1.0000,TIER 1 & 2
,BalaclavaMask_Black,clothing,1.0000,TIER 1 & 2
,BalaclavaMask_Blackskull,clothing,1.0000,TIER 1 & 2
,BalaclavaMask_Beige,clothing,1.0000,TIER 1 & 2
,BalaclavaMask_Blue,clothing,1.0000,TIER 1 & 2
,BalaclavaMask_Green,clothing,1.0000,TIER 1 & 2
,BalaclavaMask_Pink,clothing,1.0000,TIER 1 & 2
,BalaclavaMask_White,clothing,1.0000,TIER 1 & 2
,BalaclavaMask_Pig,clothing,1.0000,TIER 1 & 2
,BalaclavaMask_Chain,clothing,1.0000,TIER 1 & 2
,BalaclavaMask_BDU,clothing,1.0000,TIER 1 & 2
,CombatBoots_Beige,clothing,1.0000,TIER 1 & 2
,CombatBoots_Black,clothing,1.0000,TIER 1 & 2
,CombatBoots_Brown,clothing,1.0000,TIER 1 & 2
,CombatBoots_Green,clothing,1.0000,TIER 1 & 2
,CombatBoots_Grey,clothing,1.0000,TIER 1 & 2
,TraditionalBoots_Beige,clothing,1.0000,TIER 1 & 2
,TraditionalBoots_DarkBrown,clothing,1.0000,TIER 1 & 2
,ColdOperationBoots_Camo,clothing,1.0000,TIER 1 & 2
,ColdOperationBoots_Green,clothing,1.0000,TIER 1 & 2
,ColdOperationBoots_Grey,clothing,1.0000,TIER 1 & 2
,Trapper_Hat_Black,clothing,1.0000,TIER 1 & 2
,Trapper_Hat_Red_Checkered,clothing,1.0000,TIER 1 & 2
,Trapper_Hat_Camo_Mossy_Oak,clothing,1.0000,TIER 1 & 2
,AE_NANO_Boots,clothing,1.0000,TIER 1 & 2
,AE_NANO_Gloves,clothing,1.0000,TIER 1 & 2
,OH_face_mask_black,clothing,1.0000,TIER 1 & 2
,OH_face_mask_tan,clothing,1.0000,TIER 1 & 2
,OH_face_mask_green,clothing,1.0000,TIER 1 & 2
,OH_skull_mask_black,clothing,1.0000,TIER 1 & 2
,OH_Tactical_boots_1_Black,clothing,1.0000,TIER 1 & 2
,OH_Tactical_boots_1_Sand,clothing,1.0000,TIER 1 & 2
,OH_Tactical_boots_1_Green,clothing,1.0000,TIER 1 & 2
,OH_Tactical_boots_2_Black,clothing,1.0000,TIER 1 & 2
,Tactical_Leg_Holster_Black,clothing,1.5000,TIER 1 & 2
,LeatherPants_Natural,clothing,4.0000,TIER 1 & 2
,LeatherPants_Beige,clothing,4.0000,TIER 1 & 2
,LeatherPants_Brown,clothing,4.0000,TIER 1 & 2
,LeatherPants_Black,clothing,4.0000,TIER 1 & 2
,PrisonUniformPants,clothing,4.3000,TIER 1 & 2
,SlacksPants_Beige,clothing,4.4000,TIER 1 & 2
,SlacksPants_Black,clothing,4.4000,TIER 1 & 2
,SlacksPants_Blue,clothing,4.4000,TIER 1 & 2
,SlacksPants_Brown,clothing,4.4000,TIER 1 & 2
,SlacksPants_DarkGrey,clothing,4.4000,TIER 1 & 2
,SlacksPants_Khaki,clothing,4.4000,TIER 1 & 2
,SlacksPants_LightGrey,clothing,4.4000,TIER 1 & 2
,SlacksPants_White,clothing,4.4000,TIER 1 & 2
,TShirt_Beige,clothing,4.6000,TIER 1 & 2
,TShirt_Black,clothing,4.6000,TIER 1 & 2
,TShirt_Blue,clothing,4.6000,TIER 1 & 2
,TShirt_Green,clothing,4.6000,TIER 1 & 2
,TShirt_OrangeWhiteStripes,clothing,4.6000,TIER 1 & 2
,TShirt_Red,clothing,4.6000,TIER 1 & 2
,TShirt_RedBlackStripes,clothing,4.6000,TIER 1 & 2
,TShirt_White,clothing,4.6000,TIER 1 & 2
,TShirt_Grey,clothing,4.6000,TIER 1 & 2
,TShirt_10thAnniversary,clothing,4.6000,TIER 1 & 2
,OH_ufa_shirt,clothing,4.6000,TIER 1 & 2
,ChernarusSportShirt,clothing,4.7000,TIER 1 & 2
,Medium_Sleeves_Shirt,clothing,4.7000,TIER 1 & 2
,Medium_Sleeves_Shirt_Blue,clothing,4.7000,TIER 1 & 2
,Medium_Sleeves_Shirt_Red,clothing,4.7000,TIER 1 & 2
,TelnyashkaShirt,clothing,4.8000,TIER 1 & 2
,Shirt_BlueCheck,clothing,4.9000,TIER 1 & 2
,Shirt_BlueCheckBright,clothing,4.9000,TIER 1 & 2
,Shirt_GreenCheck,clothing,4.9000,TIER 1 & 2
,Shirt_RedCheck,clothing,4.9000,TIER 1 & 2
,Shirt_WhiteCheck,clothing,4.9000,TIER 1 & 2
,Shirt_PlaneBlack,clothing,4.9000,TIER 1 & 2
,Layered_Shirt_Cheburashka,clothing,4.9000,TIER 1 & 2
,Layered_Shirt_White,clothing,4.9000,TIER 1 & 2
,Layered_Shirt_Courage,clothing,4.9000,TIER 1 & 2
,Layered_Shirt_Lily,clothing,4.9000,TIER 1 & 2
,LeatherShirt_Natural,clothing,5.0000,TIER 1 & 2
,GulagJacket_Grey,clothing,5.0000,TIER 1 & 2
,Sweater_Gray,clothing,5.3000,TIER 1 & 2
,Sweater_Blue,clothing,5.3000,TIER 1 & 2
,Sweater_Green,clothing,5.3000,TIER 1 & 2
,Sweater_Red,clothing,5.3000,TIER 1 & 2
,Sweater_ChristmasBlue,clothing,5.3000,TIER 1 & 2
,Sweater_ChristmasGreen,clothing,5.3000,TIER 1 & 2
,Sweater_ChristmasRed,clothing,5.3000,TIER 1 & 2
,MedicalScrubsPants_Blue,clothing,6.1000,TIER 1 & 2
,MedicalScrubsPants_Green,clothing,6.1000,TIER 1 & 2
,MedicalScrubsPants_White,clothing,6.1000,TIER 1 & 2
,ShortJeans_Black,clothing,6.1000,TIER 1 & 2
,ShortJeans_Blue,clothing,6.1000,TIER 1 & 2
,ShortJeans_Brown,clothing,6.1000,TIER 1 & 2
,ShortJeans_Darkblue,clothing,6.1000,TIER 1 & 2
,ShortJeans_Green,clothing,6.1000,TIER 1 & 2
,ShortJeans_Red,clothing,6.1000,TIER 1 & 2
,CanvasPantsMidi_Beige,clothing,6.2000,TIER 1 & 2
,CanvasPantsMidi_Blue,clothing,6.2000,TIER 1 & 2
,CanvasPantsMidi_Grey,clothing,6.2000,TIER 1 & 2
,CanvasPantsMidi_Red,clothing,6.2000,TIER 1 & 2
,CanvasPantsMidi_Violet,clothing,6.2000,TIER 1 & 2
,CanvasPants_Beige,clothing,6.3000,TIER 1 & 2
,CanvasPants_Blue,clothing,6.3000,TIER 1 & 2
,CanvasPants_Grey,clothing,6.3000,TIER 1 & 2
,CanvasPants_Red,clothing,6.3000,TIER 1 & 2
,CanvasPants_Violet,clothing,6.3000,TIER 1 & 2
,NBCPantsGray,clothing,6.4000,TIER 1 & 2
,NBCPantsYellow,clothing,6.4000,TIER 1 & 2
,NBCPantsWhite,clothing,6.4000,TIER 1 & 2
,NBCJacketGray,clothing,6.4000,TIER 1 & 2
,NBCJacketYellow,clothing,6.4000,TIER 1 & 2
,NBCJacketWhite,clothing,6.4000,TIER 1 & 2
,OH_Blacknbc_pants,clothing,6.4000,TIER 1 & 2
,OH_Orangenbc_pants,clothing,6.4000,TIER 1 & 2
,OH_Yelownbc_pants,clothing,6.4000,TIER 1 & 2
,OH_Blacknbc_jacket,clothing,6.4000,TIER 1 & 2
,OH_Orangenbc_jacket,clothing,6.4000,TIER 1 & 2
,OH_Yelownbc_jacket,clothing,6.4000,TIER 1 & 2
,TrackSuitPants_Black,clothing,6.5000,TIER 1 & 2
,TrackSuitPants_Blue,clothing,6.5000,TIER 1 & 2
,TrackSuitPants_Green,clothing,6.5000,TIER 1 & 2
,TrackSuitPants_Red,clothing,6.5000,TIER 1 & 2
,TrackSuitPants_LightBlue,clothing,6.5000,TIER 1 & 2
,PolicePants,clothing,6.5000,TIER 1 & 2
,NavyUniformPants,clothing,6.5000,TIER 1 & 2
,Galife_Pants_Olive,clothing,6.5500,TIER 1 & 2
,Galife_Pants_Navy,clothing,6.5500,TIER 1 & 2
,Skinny_Jeans_Black,clothing,6.5500,TIER 1 & 2
,Skinny_Jeans_Blue,clothing,6.5500,TIER 1 & 2
,Jeans_Black,clothing,6.6000,TIER 1 & 2
,Jeans_Blue,clothing,6.6000,TIER 1 & 2
,Jeans_Brown,clothing,6.6000,TIER 1 & 2
,Jeans_Green,clothing,6.6000,TIER 1 & 2
,Jeans_Grey,clothing,6.6000,TIER 1 & 2
,Jeans_BlueDark,clothing,6.6000,TIER 1 & 2
,PlateCarrierPouches,clothing,7.5000,TIER 1 & 2
,PlateCarrierPouches_Black,clothing,7.5000,TIER 1 & 2
,PlateCarrierPouches_Green,clothing,7.5000,TIER 1 & 2
,PlateCarrierPouches_Camo,clothing,7.5000,TIER 1 & 2
,PlateCarrierPouches_Winter,clothing,7.5000,TIER 1 & 2
,MedicalScrubsShirt_Blue,clothing,7.5500,TIER 1 & 2
,MedicalScrubsShirt_Green,clothing,7.5500,TIER 1 & 2
,MedicalScrubsShirt_White,clothing,7.5500,TIER 1 & 2
,PrisonUniformJacket,clothing,7.8000,TIER 1 & 2
,PolicePantsOrel,clothing,8.0000,TIER 1 & 2
,ParamedicPants_Blue,clothing,8.0000,TIER 1 & 2
,ParamedicPants_Crimson,clothing,8.0000,TIER 1 & 2
,ParamedicPants_Green,clothing,8.0000,TIER 1 & 2
,TrackSuitJacket_Black,clothing,8.0000,TIER 1 & 2
,TrackSuitJacket_Blue,clothing,8.0000,TIER 1 & 2
,TrackSuitJacket_Green,clothing,8.0000,TIER 1 & 2
,TrackSuitJacket_LightBlue,clothing,8.0000,TIER 1 & 2
,TrackSuitJacket_Red,clothing,8.0000,TIER 1 & 2
,TTSKOPants,clothing,8.1000,TIER 1 & 2
,SmershVest,clothing,8.1000,TIER 1 & 2
,HuntingVest,clothing,8.3000,TIER 1 & 2
,Kneepads_Jeans_Black,clothing,8.6500,TIER 1 & 2
,MilitarySweater_Chernarus,clothing,8.8000,TIER 1 & 2
,MilitarySweater_Livonia,clothing,8.8000,TIER 1 & 2
,MilitarySweater_NoPatch,clothing,8.8000,TIER 1 & 2
,HuntingVest_Winter,clothing,9.0000,TIER 1 & 2
,OH_bag_pouch_tan,clothing,10.0000,TIER 1 & 2
,OH_bag_pouch_olive,clothing,10.0000,TIER 1 & 2
,OH_bag_pouch_black,clothing,10.0000,TIER 1 & 2
,OH_belt_p_black,clothing,10.0000,TIER 1 & 2
,OH_belt_p_grey,clothing,10.0000,TIER 1 & 2
,OH_belt_p_camo,clothing,10.0000,TIER 1 & 2
,OH_pouch_belt_black,clothing,10.1000,TIER 1 & 2
,OH_pouch_belt_camo,clothing,10.1000,TIER 1 & 2
,OH_pouch_belt_multicam,clothing,10.1000,TIER 1 & 2
,SlingBag_Brown,clothing,10.2000,TIER 1 & 2
,SlingBag_Gray,clothing,10.2000,TIER 1 & 2
,SlingBag_Black,clothing,10.2000,TIER 1 & 2
,HunterPants_Summer,clothing,10.3000,TIER 1 & 2
,GorkaPants_Summer,clothing,10.3000,TIER 1 & 2
,DrysackBag_Green,clothing,10.3000,TIER 1 & 2
,DrysackBag_Orange,clothing,10.3000,TIER 1 & 2
,DrysackBag_Yellow,clothing,10.3000,TIER 1 & 2
,GorkaPants_Flat,clothing,10.4000,TIER 1 & 2
,HunterPants_Spring,clothing,10.5000,TIER 1 & 2
,GorkaPants_Autumn,clothing,10.5000,TIER 1 & 2
,GorkaPants_PautRev,clothing,10.5000,TIER 1 & 2
,JumpsuitPants_Blue,clothing,10.5000,TIER 1 & 2
,JumpsuitPants_Green,clothing,10.5000,TIER 1 & 2
,JumpsuitPants_Grey,clothing,10.5000,TIER 1 & 2
,JumpsuitPants_Red,clothing,10.5000,TIER 1 & 2
,PoliceJacket,clothing,10.5000,TIER 1 & 2
,PoliceJacketOrel,clothing,10.5000,TIER 1 & 2
,ParamedicJacket_Blue,clothing,10.5000,TIER 1 & 2
,ParamedicJacket_Crimson,clothing,10.5000,TIER 1 & 2
,ParamedicJacket_Green,clothing,10.5000,TIER 1 & 2
,DenimJacket,clothing,10.5000,TIER 1 & 2
,UKAssVest_Black,clothing,10.5000,TIER 1 & 2
,UKAssVest_Camo,clothing,10.5000,TIER 1 & 2
,UKAssVest_Khaki,clothing,10.5000,TIER 1 & 2
,UKAssVest_Olive,clothing,10.5000,TIER 1 & 2
,UKAssVest_Winter,clothing,10.5000,TIER 1 & 2
,GorkaPants_Winter,clothing,10.6000,TIER 1 & 2
,USMCPants_Desert,clothing,10.6000,TIER 1 & 2
,USMCPants_Woodland,clothing,10.6000,TIER 1 & 2
,BDUPants,clothing,10.6000,TIER 1 & 2
,RidersJacket_Black,clothing,10.7000,TIER 1 & 2
,HighCapacityVest_Black,clothing,10.7500,TIER 1 & 2
,HighCapacityVest_Olive,clothing,10.7500,TIER 1 & 2
,CargoPants_Beige,clothing,10.8000,TIER 1 & 2
,CargoPants_Black,clothing,10.8000,TIER 1 & 2
,CargoPants_Blue,clothing,10.8000,TIER 1 & 2
,CargoPants_Green,clothing,10.8000,TIER 1 & 2
,CargoPants_Grey,clothing,10.8000,TIER 1 & 2
,HunterPants_Autumn,clothing,10.8000,TIER 1 & 2
,HunterPants_Brown,clothing,10.8000,TIER 1 & 2
,OMKPants_Navy,clothing,10.8000,TIER 1 & 2
,PilotJacket_Brown,clothing,10.8000,TIER 1 & 2
,PilotJacket_Black,clothing,10.8000,TIER 1 & 2
,PilotJacket_Yellow,clothing,10.8000,TIER 1 & 2
,NavyUniformJacket,clothing,10.9000,TIER 1 & 2
,Military_Sweater,clothing,10.9000,TIER 1 & 2
,Military_Sweater_Red,clothing,10.9000,TIER 1 & 2
,Military_Sweater_Blue,clothing,10.9000,TIER 1 & 2
,Military_Sweater_Green,clothing,10.9000,TIER 1 & 2
,Military_Sweater_White,clothing,10.9000,TIER 1 & 2
,Military_Sweater_Black,clothing,10.9000,TIER 1 & 2
,HunterPants_Winter,clothing,11.0000,TIER 1 & 2
,FirefightersPants_Beige,clothing,11.0000,TIER 1 & 2
,FirefightersPants_Black,clothing,11.0000,TIER 1 & 2
,ChildBag_Green,clothing,12.1000,TIER 1 & 2
,ChildBag_Red,clothing,12.1000,TIER 1 & 2
,ChildBag_Blue,clothing,12.1000,TIER 1 & 2
,SmershBag,clothing,12.2000,TIER 1 & 2
,GorkaEJacket_Summer,clothing,12.3000,TIER 1 & 2
,HuntingJacket_Summer,clothing,12.3000,TIER 1 & 2
,OH_mil_pants_tan,clothing,12.3000,TIER 1 & 2
,OH_mil_pants_black,clothing,12.3000,TIER 1 & 2
,OH_mil_pants_GreenCamo,clothing,12.3000,TIER 1 & 2
,OH_mil_pants_Snow,clothing,12.3000,TIER 1 & 2
,OH_mil_pants_BlackCamo,clothing,12.3000,TIER 1 & 2
,GorkaEJacket_Flat,clothing,12.4000,TIER 1 & 2
,OH_tacticalPants_Black,clothing,12.4000,TIER 1 & 2
,OH_tacticalPants_Blue,clothing,12.4000,TIER 1 & 2
,OH_tacticalPants_Flecktarn,clothing,12.4000,TIER 1 & 2
,OH_tacticalPants_Green,clothing,12.4000,TIER 1 & 2
,OH_tacticalPants_Multicam,clothing,12.4000,TIER 1 & 2
,OH_tacticalPants_Tan,clothing,12.4000,TIER 1 & 2
,OH_tacticalPants_UCP,clothing,12.4000,TIER 1 & 2
,OH_tacticalPants_Urban,clothing,12.4000,TIER 1 & 2
,OH_tacticalPants_Wood,clothing,12.4000,TIER 1 & 2
,OH_tacticalPants_bluetigr,clothing,12.4000,TIER 1 & 2
,OH_tacticalPants_white,clothing,12.4000,TIER 1 & 2
,OH_tacticalPants_bluecamo,clothing,12.4000,TIER 1 & 2
,OH_tacticalPants_hororterror,clothing,12.4000,TIER 1 & 2
,OH_tacticalPants_blacksamurai,clothing,12.4000,TIER 1 & 2
,OH_tacticalPants_graycamo,clothing,12.4000,TIER 1 & 2
,OH_tacticalPants_greyskull,clothing,12.4000,TIER 1 & 2
,GorkaEJacket_Autumn,clothing,12.5000,TIER 1 & 2
,GorkaEJacket_PautRev,clothing,12.5000,TIER 1 & 2
,HuntingJacket_Spring,clothing,12.5000,TIER 1 & 2
,JumpsuitJacket_Blue,clothing,12.5000,TIER 1 & 2
,JumpsuitJacket_Gray,clothing,12.5000,TIER 1 & 2
,JumpsuitJacket_Green,clothing,12.5000,TIER 1 & 2
,JumpsuitJacket_Red,clothing,12.5000,TIER 1 & 2
,GiftBox_Large_1,clothing,12.5000,TIER 1 & 2
,GiftBox_Large_2,clothing,12.5000,TIER 1 & 2
,GiftBox_Large_3,clothing,12.5000,TIER 1 & 2
,GiftBox_Large_4,clothing,12.5000,TIER 1 & 2
,OH_pants_abibas,clothing,12.5000,TIER 1 & 2
,TTsKOJacket_Camo,clothing,12.6000,TIER 1 & 2
,GorkaEJacket_Winter,clothing,12.6000,TIER 1 & 2
,USMCJacket_Desert,clothing,12.6000,TIER 1 & 2
,USMCJacket_Woodland,clothing,12.6000,TIER 1 & 2
,BDUJacket,clothing,12.6000,TIER 1 & 2
,TacticalShirt_Grey,clothing,12.7000,TIER 1 & 2
,TacticalShirt_Black,clothing,12.7000,TIER 1 & 2
,TacticalShirt_Olive,clothing,12.7000,TIER 1 & 2
,TacticalShirt_Tan,clothing,12.7000,TIER 1 & 2
,DuffelBagSmall_Green,clothing,12.7000,TIER 1 & 2
,DuffelBagSmall_Camo,clothing,12.7000,TIER 1 & 2
,DuffelBagSmall_Medical,clothing,12.7000,TIER 1 & 2
,CanvasBag_Olive,clothing,12.7000,TIER 1 & 2
,CanvasBag_Medical,clothing,12.7000,TIER 1 & 2
,HikingJacket_Black,clothing,12.8000,TIER 1 & 2
,HikingJacket_Blue,clothing,12.8000,TIER 1 & 2
,HikingJacket_Red,clothing,12.8000,TIER 1 & 2
,HikingJacket_Green,clothing,12.8000,TIER 1 & 2
,BomberJacket_Black,clothing,12.8000,TIER 1 & 2
,BomberJacket_Brown,clothing,12.8000,TIER 1 & 2
,BomberJacket_Blue,clothing,12.8000,TIER 1 & 2
,BomberJacket_Grey,clothing,12.8000,TIER 1 & 2
,BomberJacket_Maroon,clothing,12.8000,TIER 1 & 2
,BomberJacket_Olive,clothing,12.8000,TIER 1 & 2
,BomberJacket_SkyBlue,clothing,12.8000,TIER 1 & 2
,HuntingJacket_Autumn,clothing,12.8000,TIER 1 & 2
,HuntingJacket_Brown,clothing,12.8000,TIER 1 & 2
,M65Jacket_Black,clothing,12.9000,TIER 1 & 2
,M65Jacket_Khaki,clothing,12.9000,TIER 1 & 2
,M65Jacket_Tan,clothing,12.9000,TIER 1 & 2
,M65Jacket_Olive,clothing,12.9000,TIER 1 & 2
,QuiltedJacket_Black,clothing,12.9000,TIER 1 & 2
,QuiltedJacket_Green,clothing,12.9000,TIER 1 & 2
,QuiltedJacket_Blue,clothing,12.9000,TIER 1 & 2
,QuiltedJacket_Red,clothing,12.9000,TIER 1 & 2
,QuiltedJacket_Grey,clothing,12.9000,TIER 1 & 2
,QuiltedJacket_Orange,clothing,12.9000,TIER 1 & 2
,QuiltedJacket_Yellow,clothing,12.9000,TIER 1 & 2
,QuiltedJacket_Violet,clothing,12.9000,TIER 1 & 2
,DownJacket_Blue,clothing,13.0000,TIER 1 & 2
,DownJacket_Red,clothing,13.0000,TIER 1 & 2
,DownJacket_Orange,clothing,13.0000,TIER 1 & 2
,DownJacket_Green,clothing,13.0000,TIER 1 & 2
,BushlatPoliceJacket_Blue,clothing,13.0000,TIER 1 & 2
,FirefighterJacket_Beige,clothing,13.0000,TIER 1 & 2
,FirefighterJacket_Black,clothing,13.0000,TIER 1 & 2
,LeatherJacket_Natural,clothing,13.0000,TIER 1 & 2
,LeatherJacket_Beige,clothing,13.0000,TIER 1 & 2
,LeatherJacket_Brown,clothing,13.0000,TIER 1 & 2
,LeatherJacket_Black,clothing,13.0000,TIER 1 & 2
,HuntingJacket_Winter,clothing,13.0000,TIER 1 & 2
,LeatherStorageVest_Natural,clothing,13.5000,TIER 1 & 2
,LeatherStorageVest_Beige,clothing,13.5000,TIER 1 & 2
,LeatherStorageVest_Brown,clothing,13.5000,TIER 1 & 2
,LeatherStorageVest_Black,clothing,13.5000,TIER 1 & 2
,OH_toxick_bag_grey,clothing,15.0000,TIER 1 & 2
,OH_military_belt_black,clothing,15.1000,TIER 1 & 2
,CourierBag,clothing,15.3000,TIER 1 & 2
,FurCourierBag,clothing,15.3000,TIER 1 & 2
,TaloonBag_Blue,clothing,15.5000,TIER 1 & 2
,TaloonBag_Green,clothing,15.5000,TIER 1 & 2
,TaloonBag_Orange,clothing,15.5000,TIER 1 & 2
,TaloonBag_Violet,clothing,15.5000,TIER 1 & 2
,OH_Tactical_vest_cargo_Black,clothing,15.5000,TIER 1 & 2
,OH_Tactical_vest_cargo_green_pixel,clothing,15.5000,TIER 1 & 2
,OH_Tactical_vest_cargo_brown_pixel,clothing,15.5000,TIER 1 & 2
,OH_Tactical_vest_cargo_Khaki,clothing,15.5000,TIER 1 & 2
,OH_Tactical_vest_cargo_olive,clothing,15.5000,TIER 1 & 2
,OH_Tactical_vest2_Black,clothing,15.5000,TIER 1 & 2
,OH_Tactical_vest2_green_pixel,clothing,15.5000,TIER 1 & 2
,OH_Tactical_vest2_tan,clothing,15.5000,TIER 1 & 2
,OH_Tactical_vest2_Khaki,clothing,15.5000,TIER 1 & 2
,OH_Tactical_vest2_olive,clothing,15.5000,TIER 1 & 2
,OH_Tactical_vest4_Black,clothing,15.5000,TIER 1 & 2
,OH_Tactical_vest4_camo1,clothing,15.5000,TIER 1 & 2
,OH_Tactical_vest4_camo2,clothing,15.5000,TIER 1 & 2
,OH_Tactical_vest4_tan,clothing,15.5000,TIER 1 & 2
,OH_Tactical_vest4_olive,clothing,15.5000,TIER 1 & 2
,OH_Tactical_vest5_Black,clothing,15.5000,TIER 1 & 2
,OH_Tactical_vest5_camo1,clothing,15.5000,TIER 1 & 2
,OH_Tactical_vest5_camo2,clothing,15.5000,TIER 1 & 2
,OH_Tactical_vest5_tan,clothing,15.5000,TIER 1 & 2
,OH_Tactical_vest5_olive,clothing,15.5000,TIER 1 & 2
,OMKJacket_Navy,clothing,15.8000,TIER 1 & 2
,ImprovisedBag,clothing,17.9000,TIER 1 & 2
,FurImprovisedBag,clothing,17.9000,TIER 1 & 2
,OH_Mili_Pants_Khaki,clothing,18.4000,TIER 1 & 2
,OH_Mili_Pants_Sota,clothing,18.4000,TIER 1 & 2
,OH_Mili_Pants_Black,clothing,18.4000,TIER 1 & 2
,AssaultBag_Ttsko,clothing,18.6000,TIER 1 & 2
,AssaultBag_Black,clothing,18.6000,TIER 1 & 2
,AssaultBag_Green,clothing,18.6000,TIER 1 & 2
,AssaultBag_Winter,clothing,18.6000,TIER 1 & 2
,OH_tactical_pants_Camo_01,clothing,18.8000,TIER 1 & 2
,OH_tactical_pants_Camo_02,clothing,18.8000,TIER 1 & 2
,OH_tactical_pants_Camo_03,clothing,18.8000,TIER 1 & 2
,OH_tactical_pants_Camo_04,clothing,18.8000,TIER 1 & 2
,OH_tactical_pants_Green,clothing,18.8000,TIER 1 & 2
,OH_tactical_pants_Sand,clothing,18.8000,TIER 1 & 2
,OH_tactical_pants_black,clothing,18.8000,TIER 1 & 2
,OH_spine_bag_Flora6B43,clothing,20.0000,TIER 1 & 2
,OH_spine_bag_pixel_desert6B43,clothing,20.0000,TIER 1 & 2
,OH_spine_bag_pixel_green6B43,clothing,20.0000,TIER 1 & 2
,OH_spine_bag_pixel_black6B43,clothing,20.0000,TIER 1 & 2
,OH_spine_bag_Blue6B43,clothing,20.0000,TIER 1 & 2
,OH_spine_bag_Black6B43,clothing,20.0000,TIER 1 & 2
,OH_spine_bag_scull6B43,clothing,20.0000,TIER 1 & 2
,OH_spine_bag_vetka6B43,clothing,20.0000,TIER 1 & 2
,OH_spine_bag_white6B43,clothing,20.0000,TIER 1 & 2
,ConstructionHelmet_Blue,clothing,20.1000,TIER 1 & 2
,ConstructionHelmet_Lime,clothing,20.1000,TIER 1 & 2
,ConstructionHelmet_Orange,clothing,20.1000,TIER 1 & 2
,ConstructionHelmet_Red,clothing,20.1000,TIER 1 & 2
,ConstructionHelmet_White,clothing,20.1000,TIER 1 & 2
,ConstructionHelmet_Yellow,clothing,20.1000,TIER 1 & 2
,SkateHelmet_Black,clothing,20.1000,TIER 1 & 2
,SkateHelmet_Blue,clothing,20.1000,TIER 1 & 2
,SkateHelmet_Gray,clothing,20.1000,TIER 1 & 2
,SkateHelmet_Green,clothing,20.1000,TIER 1 & 2
,SkateHelmet_Red,clothing,20.1000,TIER 1 & 2
,HockeyHelmet_Black,clothing,20.1000,TIER 1 & 2
,HockeyHelmet_Blue,clothing,20.1000,TIER 1 & 2
,HockeyHelmet_Red,clothing,20.1000,TIER 1 & 2
,HockeyHelmet_White,clothing,20.1000,TIER 1 & 2
,OH_leg_belt_black,clothing,20.1000,TIER 1 & 2
,OH_leg_belt_camo,clothing,20.1000,TIER 1 & 2
,OH_tactical_vest_green,clothing,20.7500,TIER 1 & 2
,OH_tactical_vest_black,clothing,20.7500,TIER 1 & 2
,OH_tactical_vest_tan,clothing,20.7500,TIER 1 & 2
,OH_tactical_vest_green_pixel,clothing,20.7500,TIER 1 & 2
,OH_tactical_vest_izlom,clothing,20.7500,TIER 1 & 2
,TankerHelmet,clothing,20.9000,TIER 1 & 2
,Fruck_CyborgNinja_gloves,clothing,21.0000,TIER 1 & 2
,Fruck_CyborgNinja_invisible_gloves,clothing,21.0000,TIER 1 & 2
,OH_belt2_p_black,clothing,21.0000,TIER 1 & 2
,OH_belt2_p_grey,clothing,21.0000,TIER 1 & 2
,OH_belt2_p_camo,clothing,21.0000,TIER 1 & 2
,DryBag_Orange,clothing,21.5000,TIER 1 & 2
,DryBag_Yellow,clothing,21.5000,TIER 1 & 2
,DryBag_Blue,clothing,21.5000,TIER 1 & 2
,DryBag_Green,clothing,21.5000,TIER 1 & 2
,DryBag_Black,clothing,21.5000,TIER 1 & 2
,DryBag_Red,clothing,21.5000,TIER 1 & 2
,Canvas_Backpack_Black,clothing,21.5500,TIER 1 & 2
,Canvas_Backpack_White,clothing,21.5500,TIER 1 & 2
,Canvas_Backpack_Blue,clothing,21.5500,TIER 1 & 2
,Canvas_Backpack_Red,clothing,21.5500,TIER 1 & 2
,Canvas_Backpack_Purple,clothing,21.5500,TIER 1 & 2
,HuntingBag,clothing,21.7000,TIER 1 & 2
,HuntingBag_Hannah,clothing,21.7000,TIER 1 & 2
,OH_mil_jacket_tan,clothing,21.8000,TIER 1 & 2
,OH_mil_jacket_black,clothing,21.8000,TIER 1 & 2
,OH_jacket_abibas,clothing,24.5000,TIER 1 & 2
,AE_NANO_Helmet,clothing,26.0000,TIER 1 & 2
,TortillaBag,clothing,28.8000,TIER 1 & 2
,TortillaBag_Winter,clothing,28.8000,TIER 1 & 2
,CoyoteBag_Brown,clothing,28.9000,TIER 1 & 2
,CoyoteBag_Green,clothing,28.9000,TIER 1 & 2
,CoyoteBag_Winter,clothing,28.9000,TIER 1 & 2
,MountainBag_Red,clothing,29.0000,TIER 1 & 2
,MountainBag_Blue,clothing,29.0000,TIER 1 & 2
,MountainBag_Orange,clothing,29.0000,TIER 1 & 2
,MountainBag_Green,clothing,29.0000,TIER 1 & 2
,OH_Bag_woods,clothing,31.0000,TIER 1 & 2
,OH_Bag_black,clothing,31.0000,TIER 1 & 2
,OH_CamelBackpack_black,clothing,31.0000,TIER 1 & 2
,OH_CamelBackpack_olive,clothing,31.0000,TIER 1 & 2
,OH_CamelBackpack_tan_multicam,clothing,31.0000,TIER 1 & 2
,OH_CamelBackpack_tan,clothing,31.0000,TIER 1 & 2
,OH_CamelBackpack_woods_multicam,clothing,31.0000,TIER 1 & 2
,OH_weapon_bag_backpack_black,clothing,31.0000,TIER 1 & 2
,OH_weapon_bag_backpack_Tan,clothing,31.0000,TIER 1 & 2
,OH_weapon_bag_backpack_olive,clothing,31.0000,TIER 1 & 2
,OH_Backpack_Adventure_Blue,clothing,32.5000,TIER 1 & 2
,OH_Backpack_Adventure_Green,clothing,32.5000,TIER 1 & 2
,OH_Backpack_Adventure_Red,clothing,32.5000,TIER 1 & 2
,OH_Backpack_Adventure_Yellow,clothing,32.5000,TIER 1 & 2
,Attack2Bag_Ttsko,clothing,32.8000,TIER 1 & 2
,Attack2Bag_Black,clothing,32.8000,TIER 1 & 2
,Attack2Bag_Green,clothing,32.8000,TIER 1 & 2
,Attack2Bag_Yeger,clothing,32.8000,TIER 1 & 2
,AliceBag_Green,clothing,32.8000,TIER 1 & 2
,AliceBag_Black,clothing,32.8000,TIER 1 & 2
,AliceBag_Camo,clothing,32.8000,TIER 1 & 2
,AliceBag_NearBubble,clothing,32.8000,TIER 1 & 2
,AliceBag_FarBubble,clothing,32.8000,TIER 1 & 2
,OH_Parachute_Bag_dark_brown,clothing,36.0000,TIER 1 & 2
,OH_Parachute_Bag_city_camo2,clothing,36.0000,TIER 1 & 2
,OH_Parachute_Bag_black_red,clothing,36.0000,TIER 1 & 2
,OH_Parachute_Bag_izlom_camo,clothing,36.0000,TIER 1 & 2
,OH_Parachute_Bag_darc_grey,clothing,36.0000,TIER 1 & 2
,OH_Parachute_Bag_dark_camo,clothing,36.0000,TIER 1 & 2
,OH_Parachute_Bag_city_camo,clothing,36.0000,TIER 1 & 2
,OH_Parachute_Bag_dark_olive,clothing,36.0000,TIER 1 & 2
,OH_Parachute_Bag_olive,clothing,36.0000,TIER 1 & 2
,OH_Bag_Pegasus_black,clothing,37.0000,TIER 1 & 2
,OH_Bag_Pegasus_green2,clothing,37.0000,TIER 1 & 2
,OH_Bag_Pegasus_green,clothing,37.0000,TIER 1 & 2
,OH_Bag_Pegasus_grey,clothing,37.0000,TIER 1 & 2
,OH_Bag_Pegasus_wood,clothing,37.0000,TIER 1 & 2
,OH_Bag_Pegasus_Bandit,clothing,37.0000,TIER 1 & 2
,OH_Bag_Pegasus_Clear,clothing,37.0000,TIER 1 & 2
,OH_Bag_Pegasus_Dolg,clothing,37.0000,TIER 1 & 2
,OH_Bag_Pegasus_Free,clothing,37.0000,TIER 1 & 2
,OH_Bag_Pegasus_Merc,clothing,37.0000,TIER 1 & 2
,OH_Bag_Pegasus_Mill,clothing,37.0000,TIER 1 & 2
,OH_Bag_Pegasus_monolit,clothing,37.0000,TIER 1 & 2
,OH_Bag_Pegasus_Neutral,clothing,37.0000,TIER 1 & 2
,OH_Bag_Pegasus_stalker,clothing,37.0000,TIER 1 & 2
,OH_MilitaryBag_Combat_Camo,clothing,40.1300,TIER 1 & 2
,OH_Medical_bag_Camo,clothing,40.1300,TIER 1 & 2
,OH_jacket,clothing,40.7000,TIER 1 & 2
,OH_pants,clothing,40.8000,TIER 1 & 2
,Fruck_CyborgNinja_Jacket,clothing,41.0000,TIER 1 & 2
,Fruck_CyborgNinja_invisible_Jacket,clothing,41.0000,TIER 1 & 2
,Fruck_CyborgNinja_Pants,clothing,41.0000,TIER 1 & 2
,Fruck_CyborgNinja_invisible_Pants,clothing,41.0000,TIER 1 & 2
,OH_MilitaryBag_combat_B_Camo,clothing,41.0000,TIER 1 & 2
,OH_MLT_Military_Backpack_Camo_cifra,clothing,41.0000,TIER 1 & 2
,OH_leather_travel_backpack_black,clothing,45.8000,TIER 1 & 2
,OH_leather_travel_backpack_Blue,clothing,45.8000,TIER 1 & 2
,OH_leather_travel_backpack_Brown,clothing,45.8000,TIER 1 & 2
,OH_leather_travel_backpack_Green,clothing,45.8000,TIER 1 & 2
,OH_leather_travel_backpack_Grey,clothing,45.8000,TIER 1 & 2
,OH_leather_travel_backpack_Orange,clothing,45.8000,TIER 1 & 2
,OH_leather_travel_backpack_Purple,clothing,45.8000,TIER 1 & 2
,OH_leather_travel_backpack_Red,clothing,45.8000,TIER 1 & 2
,FC_ATV_Bag_Green,clothing,50.0000,TIER 1 & 2
,FC_ATV_Bag_Yellow,clothing,50.0000,TIER 1 & 2
,FC_ATV_Bag_Red,clothing,50.0000,TIER 1 & 2
,FC_ATV_Bag_Blue,clothing,50.0000,TIER 1 & 2
,FC_ATV_Bag_Grey,clothing,50.0000,TIER 1 & 2
,FC_ATV_Bag_Black,clothing,50.0000,TIER 1 & 2
,FC_ATV_Bag_White,clothing,50.0000,TIER 1 & 2
,WeldingMask,clothing,50.1000,TIER 3 / MILITARY
,OH_pouch_belt_DM,clothing,50.1000,TIER 1 & 2
,FirefightersHelmet_Red,clothing,50.5000,TIER 3 / MILITARY
,FirefightersHelmet_White,clothing,50.5000,TIER 3 / MILITARY
,FirefightersHelmet_Yellow,clothing,50.5000,TIER 3 / MILITARY
,DirtBikeHelmet_Green,clothing,50.5000,TIER 3 / MILITARY
,DirtBikeHelmet_Chernarus,clothing,50.5000,TIER 3 / MILITARY
,DirtBikeHelmet_Khaki,clothing,50.5000,TIER 3 / MILITARY
,DirtBikeHelmet_Police,clothing,50.5000,TIER 3 / MILITARY
,DirtBikeHelmet_Red,clothing,50.5000,TIER 3 / MILITARY
,DirtBikeHelmet_Black,clothing,50.5000,TIER 3 / MILITARY
,DirtBikeHelmet_Blue,clothing,50.5000,TIER 3 / MILITARY
,MotoHelmet_Black,clothing,50.7000,TIER 3 / MILITARY
,MotoHelmet_Grey,clothing,50.7000,TIER 3 / MILITARY
,MotoHelmet_Green,clothing,50.7000,TIER 3 / MILITARY
,MotoHelmet_Lime,clothing,50.7000,TIER 3 / MILITARY
,MotoHelmet_Blue,clothing,50.7000,TIER 3 / MILITARY
,MotoHelmet_Red,clothing,50.7000,TIER 3 / MILITARY
,MotoHelmet_White,clothing,50.7000,TIER 3 / MILITARY
,MotoHelmet_Yellow,clothing,50.7000,TIER 3 / MILITARY
,DarkMotoHelmet_Black,clothing,50.7000,TIER 3 / MILITARY
,DarkMotoHelmet_Grey,clothing,50.7000,TIER 3 / MILITARY
,DarkMotoHelmet_Green,clothing,50.7000,TIER 3 / MILITARY
,DarkMotoHelmet_Lime,clothing,50.7000,TIER 3 / MILITARY
,DarkMotoHelmet_Blue,clothing,50.7000,TIER 3 / MILITARY
,DarkMotoHelmet_Red,clothing,50.7000,TIER 3 / MILITARY
,DarkMotoHelmet_White,clothing,50.7000,TIER 3 / MILITARY
,DarkMotoHelmet_Yellow,clothing,50.7000,TIER 3 / MILITARY
,OH_Bag_sport_olive,clothing,51.0000,TIER 1 & 2
,OH_Backpack_6sh118_black,clothing,71.0000,TIER 1 & 2
,OH_Backpack_6sh118_green_pixel,clothing,71.0000,TIER 1 & 2
,OH_Backpack_6sh118_olive,clothing,71.0000,TIER 1 & 2
,OH_Backpack_6sh118_sand,clothing,71.0000,TIER 1 & 2
,OH_Backpack_6sh118_wood_camo,clothing,71.0000,TIER 1 & 2
,ZSh3PilotHelmet,clothing,100.3000,TIER 4 / ALIEN
,ZSh3PilotHelmet_Green,clothing,100.3000,TIER 4 / ALIEN
,ZSh3PilotHelmet_Black,clothing,100.3000,TIER 4 / ALIEN
,PoliceVest,clothing,100.6000,TIER 3 / MILITARY
,OH_Invis_Jeans,clothing,100.6000,TIER 1 & 2
,PressVest_Blue,clothing,108.7000,TIER 3 / MILITARY
,PressVest_LightBlue,clothing,108.7000,TIER 3 / MILITARY
,Defender_Vest_Classic,clothing,120.8500,TIER 3 / MILITARY
,Defender_Vest_Green,clothing,120.8500,TIER 3 / MILITARY
,Defender_Vest_Black,clothing,120.8500,TIER 3 / MILITARY
,AE_NANO_Jacket,clothing,125.8000,TIER 1 & 2
,AE_NANO_Pants,clothing,126.0000,TIER 1 & 2
,Mich2001Helmet,clothing,140.2500,TIER 4 / ALIEN
,OH_Plate_Carrier_Vest_olive,clothing,140.8000,TIER 3 / MILITARY
,OH_Plate_Carrier_Vest_camo,clothing,140.8000,TIER 3 / MILITARY
,OH_Plate_Carrier_Vest_camo2,clothing,140.8000,TIER 3 / MILITARY
,OH_Plate_Carrier_Vest_greem_cifra,clothing,140.8000,TIER 3 / MILITARY
,OH_Plate_Carrier_Vest_grey_cifra,clothing,140.8000,TIER 3 / MILITARY
,OH_Plate_Carrier_Vest_tan,clothing,140.8000,TIER 3 / MILITARY
,OH_Plate_Carrier_Vest_black,clothing,140.8000,TIER 3 / MILITARY
,PlateCarrierVest,clothing,146.8000,TIER 3 / MILITARY
,PlateCarrierVest_Black,clothing,146.8000,TIER 3 / MILITARY
,PlateCarrierVest_Green,clothing,146.8000,TIER 3 / MILITARY
,PlateCarrierVest_Camo,clothing,146.8000,TIER 3 / MILITARY
,PlateCarrierVest_Winter,clothing,146.8000,TIER 3 / MILITARY
,Ssh68Helmet,clothing,150.2000,TIER 4 / ALIEN
,OH_mich3_helmet,clothing,150.2500,TIER 4 / ALIEN
,BallisticHelmet_Green,clothing,150.3000,TIER 4 / ALIEN
,BallisticHelmet_Black,clothing,150.3000,TIER 4 / ALIEN
,BallisticHelmet_UN,clothing,150.3000,TIER 4 / ALIEN
,BallisticHelmet_BDU,clothing,150.3000,TIER 4 / ALIEN
,BallisticHelmet_Desert,clothing,150.3000,TIER 4 / ALIEN
,BallisticHelmet_Woodland,clothing,150.3000,TIER 4 / ALIEN
,BallisticHelmet_Winter,clothing,150.3000,TIER 4 / ALIEN
,BallisticHelmet_Navy,clothing,150.3000,TIER 4 / ALIEN
,GorkaHelmet,clothing,150.8000,TIER 4 / ALIEN
,GorkaHelmet_Green,clothing,150.8000,TIER 4 / ALIEN
,GorkaHelmet_Black,clothing,150.8000,TIER 4 / ALIEN
,OH_sphera_helmet_olive,clothing,150.8000,TIER 4 / ALIEN
,OH_Military_Tactical_Vest_Camo,clothing,152.8000,TIER 3 / MILITARY
,OH_Military_Tactical_Vest2_Camo,clothing,152.8000,TIER 3 / MILITARY
,OH_Military_Tactical_Vest2_Green,clothing,152.8000,TIER 3 / MILITARY
,OH_Military_Tactical_Vest2_UCP,clothing,152.8000,TIER 3 / MILITARY
,OH_FBIvest_Black,clothing,158.7500,TIER 3 / MILITARY
,OH_6b13_desert_dirt_black_vest,clothing,164.8000,TIER 3 / MILITARY
,OH_6b13_desert_dirt_tan_vest,clothing,164.8000,TIER 3 / MILITARY
,OH_6b13_desert_dirt_green_pixel_vest,clothing,164.8000,TIER 3 / MILITARY
,OH_6b13_desert_green_vest,clothing,169.3000,TIER 3 / MILITARY
,OH_6b13_desert_black_vest,clothing,169.3000,TIER 3 / MILITARY
,OH_6b13_desert_tan_vest,clothing,169.3000,TIER 3 / MILITARY
,OH_6b13_desert_green_pixel_vest,clothing,169.3000,TIER 3 / MILITARY
,OH_6b13_desert_izlom_vest,clothing,169.3000,TIER 3 / MILITARY
,OH_6b13_desert_dirt_green_vest,clothing,169.3000,TIER 3 / MILITARY
,OH_6b13_desert_dirt_izlom_vest,clothing,169.3000,TIER 3 / MILITARY
,OH_6b13_flora_green_vest,clothing,169.3000,TIER 3 / MILITARY
,OH_6b13_flora_black_vest,clothing,169.3000,TIER 3 / MILITARY
,OH_6b13_flora_tan_vest,clothing,169.3000,TIER 3 / MILITARY
,OH_6b13_flora_green_pixel_vest,clothing,169.3000,TIER 3 / MILITARY
,OH_6b13_flora_izlom_vest,clothing,169.3000,TIER 3 / MILITARY
,OH_6b13_flora_dirt_green_vest,clothing,169.3000,TIER 3 / MILITARY
,OH_6b13_flora_dirt_vest_black,clothing,169.3000,TIER 3 / MILITARY
,OH_6b13_flora_dirt_vest_tan,clothing,169.3000,TIER 3 / MILITARY
,OH_6b13_flora_dirt_vest_izlom,clothing,169.3000,TIER 3 / MILITARY
,OH_6b13_pixel_green_vest_green,clothing,169.3000,TIER 3 / MILITARY
,OH_6b13_pixel_green_vest_black,clothing,169.3000,TIER 3 / MILITARY
,OH_6b13_pixel_green_vest_tan,clothing,169.3000,TIER 3 / MILITARY
,OH_6b13_pixel_green_vest_izlom,clothing,169.3000,TIER 3 / MILITARY
,OH_6b13_pixel_green_dirt_vest_green,clothing,169.3000,TIER 3 / MILITARY
,OH_6b13_pixel_green_dirt_vest_black,clothing,169.3000,TIER 3 / MILITARY
,OH_6b13_pixel_green_dirt_vest_tan,clothing,169.3000,TIER 3 / MILITARY
,OH_6b13_pixel_green_dirt_vest_izlom,clothing,169.3000,TIER 3 / MILITARY
,OH_6b13_black_vest_green,clothing,169.3000,TIER 3 / MILITARY
,OH_6b13_black_vest_black,clothing,169.3000,TIER 3 / MILITARY
,OH_6b13_black_vest_tan,clothing,169.3000,TIER 3 / MILITARY
,OH_6b13_black_vest_izlom,clothing,169.3000,TIER 3 / MILITARY
,OH_6b13_black_pixel_vest_green,clothing,169.3000,TIER 3 / MILITARY
,OH_6b13_black_pixel_vest_black,clothing,169.3000,TIER 3 / MILITARY
,OH_6b13_black_pixel_vest_tan,clothing,169.3000,TIER 3 / MILITARY
,OH_6b13_black_pixel_vest_izlom,clothing,169.3000,TIER 3 / MILITARY
,OH_mich_Helmet_Skull,clothing,170.1300,UNDERGROUND
,OH_Khelmet_black,clothing,170.2500,UNDERGROUND
,OH_Mich_Helmet_scifi,clothing,170.3000,UNDERGROUND
,OH_Mask2,clothing,170.4000,UNDERGROUND
,OH_Mask2_flora,clothing,170.4000,UNDERGROUND
,OH_Mask2_cifraGreen,clothing,170.4000,UNDERGROUND
,OH_Mask2_Flora2,clothing,170.4000,UNDERGROUND
,OH_Mask2_flora3,clothing,170.4000,UNDERGROUND
,OH_Mask2_izlom,clothing,170.4000,UNDERGROUND
,OH_Mask2_izlom2,clothing,170.4000,UNDERGROUND
,OH_Mask2_izlom3,clothing,170.4000,UNDERGROUND
,OH_Mask2_black,clothing,170.4000,UNDERGROUND
,OH_Mask2_german,clothing,170.4000,UNDERGROUND
,OH_Mask2_blackBlood,clothing,170.4000,UNDERGROUND
,OH_Mask2_blackcamo1,clothing,170.4000,UNDERGROUND
,OH_Mask2_camocifra1,clothing,170.4000,UNDERGROUND
,OH_Mask2_camocifra2,clothing,170.4000,UNDERGROUND
,OH_Mask2_camocifradesert,clothing,170.4000,UNDERGROUND
,OH_Mask2_camodesert,clothing,170.4000,UNDERGROUND
,OH_Mask2_CamoGreen,clothing,170.4000,UNDERGROUND
,OH_Mask2_camogreen1,clothing,170.4000,UNDERGROUND
,OH_Mask2_camogreen2,clothing,170.4000,UNDERGROUND
,OH_Mask2_stonedesert,clothing,170.4000,UNDERGROUND
,OH_Mask2_woodlanddark,clothing,170.4000,UNDERGROUND
,OH_Mask2_woodlandgreensummer,clothing,170.4000,UNDERGROUND
,OH_Mask3_green,clothing,170.4000,UNDERGROUND
,OH_Mask4_black,clothing,170.4000,UNDERGROUND
,OH_Mask1_skull,clothing,170.4000,UNDERGROUND
,Fruck_CyborgNinja_helmet,clothing,177.0000,UNDERGROUND
,Fruck_CyborgNinja_invisible_helmet,clothing,177.0000,UNDERGROUND
,OH_helmet_6b_47_green_black,clothing,180.2500,UNDERGROUND
,OH_helmet_6b_47_cover_black_black,clothing,180.2500,UNDERGROUND
,OH_helmet_6b_47_cover_black_green,clothing,180.2500,UNDERGROUND
,OH_helmet_6b_47_cover_black_tan,clothing,180.2500,UNDERGROUND
,OH_helmet_6b_47_cover_olive_green,clothing,180.2500,UNDERGROUND
,OH_helmet_6b_47_cover_olive_tan,clothing,180.2500,UNDERGROUND
,OH_helmet_6b_47_cover_ATACS_tan,clothing,180.2500,UNDERGROUND
,OH_helmet_6b_47_cover_ATACS_black,clothing,180.2500,UNDERGROUND
,OH_helmet_6b_47_cover_ATACS_green,clothing,180.2500,UNDERGROUND
,OH_helmet_6b_47_cover_berezka_black,clothing,180.2500,UNDERGROUND
,OH_helmet_6b_47_cover_BEREZKA_green,clothing,180.2500,UNDERGROUND
,OH_helmet_6b_47_cover_BEREZKA_tan,clothing,180.2500,UNDERGROUND
,OH_helmet_6b_47_cover_DUBOK_1_black,clothing,180.2500,UNDERGROUND
,OH_helmet_6b_47_cover_DUBOK_1_green,clothing,180.2500,UNDERGROUND
,OH_helmet_6b_47_cover_DUBOK_1_tan,clothing,180.2500,UNDERGROUND
,OH_helmet_6b_47_cover_DUBOK_2_black,clothing,180.2500,UNDERGROUND
,OH_helmet_6b_47_cover_DUBOK_2_green,clothing,180.2500,UNDERGROUND
,OH_helmet_6b_47_cover_DUBOK_2_tan,clothing,180.2500,UNDERGROUND
,OH_helmet_6b_47_cover_EMR_black,clothing,180.2500,UNDERGROUND
,OH_helmet_6b_47_cover_EMR_green,clothing,180.2500,UNDERGROUND
,OH_helmet_6b_47_cover_EMR_tan,clothing,180.2500,UNDERGROUND
,OH_helmet_6b_47_cover_FLECTARN_green,clothing,180.2500,UNDERGROUND
,OH_helmet_6b_47_cover_FLEKTARN_black,clothing,180.2500,UNDERGROUND
,OH_helmet_6b_47_cover_FLEKTARN_tan,clothing,180.2500,UNDERGROUND
,OH_helmet_6b_47_cover_FLORA_black,clothing,180.2500,UNDERGROUND
,OH_helmet_6b_47_cover_FLORA_green,clothing,180.2500,UNDERGROUND
,OH_helmet_6b_47_cover_FLORA_tan,clothing,180.2500,UNDERGROUND
,OH_helmet_6b_47_cover_GERMAN_black,clothing,180.2500,UNDERGROUND
,OH_helmet_6b_47_cover_GERMAN_green,clothing,180.2500,UNDERGROUND
,OH_helmet_6b_47_cover_GERMAN_tan,clothing,180.2500,UNDERGROUND
,OH_helmet_6b_47_cover_IZLOM_green,clothing,180.2500,UNDERGROUND
,OH_helmet_6b_47_cover_IZLOM_tan,clothing,180.2500,UNDERGROUND
,OH_helmet_6b_47_cover_IZLOM_black,clothing,180.2500,UNDERGROUND
,OH_helmet_6b_47_cover_PARTIZAN_black,clothing,180.2500,UNDERGROUND
,OH_helmet_6b_47_cover_PARTIZAN_green,clothing,180.2500,UNDERGROUND
,OH_helmet_6b_47_cover_PARTIZAN_tan,clothing,180.2500,UNDERGROUND
,OH_helmet_6b_47_black,clothing,180.2500,UNDERGROUND
,OH_helmet_6b_47_green,clothing,180.2500,UNDERGROUND
,OH_helmet_6b_47_tan,clothing,180.2500,UNDERGROUND
,OH_ronin_mask_basic_black,clothing,180.2500,UNDERGROUND
,OH_ronin_mask_skull_black_tan,clothing,180.2500,UNDERGROUND
,OH_ronin_mask_skull_black_white,clothing,180.2500,UNDERGROUND
,OH_ronin_mask_skull_black_green,clothing,180.2500,UNDERGROUND
,OH_ronin_mask_slim_black,clothing,180.2500,UNDERGROUND
,OH_ronin_mask_tactical_black_tan,clothing,180.2500,UNDERGROUND
,OH_combat_helmet_ColorBase,clothing,180.3000,UNDERGROUND
,OH_combat_helmet,clothing,180.3000,UNDERGROUND
,OH_army_helmet_black,clothing,184.3000,UNDERGROUND
,OH_army_helmet_green,clothing,184.3000,UNDERGROUND
,OH_Kover_helmet_sand,clothing,184.3000,UNDERGROUND
,OH_altin_helmets1_green,clothing,184.6000,UNDERGROUND
,OH_altin_helmets1_black,clothing,184.6000,UNDERGROUND
,OH_altin_helmets2_green,clothing,184.6000,UNDERGROUND
,OH_altin_helmets2_black,clothing,184.6000,UNDERGROUND
,OH_Altyn_helmet_green,clothing,184.6000,UNDERGROUND
,OH_karburator_ru_com_hat_tan,clothing,184.6000,UNDERGROUND
,OH_Heavy_vest_olive,clothing,195.8000,TIER 3 / MILITARY
,OH_Heavy_vest_black,clothing,195.8000,TIER 3 / MILITARY
,OH_Heavy_vest_camo,clothing,195.8000,TIER 3 / MILITARY
,OH_Heavy_vest_grey_cifra,clothing,195.8000,TIER 3 / MILITARY
,OH_Heavy_vest_tan,clothing,195.8000,TIER 3 / MILITARY
,OH_Heavy_vest_redcamo,clothing,195.8000,TIER 3 / MILITARY
,OH_Heavy_vest_redblackcamo,clothing,195.8000,TIER 3 / MILITARY
,OH_Heavy_vest_blue,clothing,195.8000,TIER 3 / MILITARY
,OH_Heavy_vest_scull,clothing,195.8000,TIER 3 / MILITARY
,OH_Heavy_vest_white,clothing,195.8000,TIER 3 / MILITARY
,LargeTent,clothing,200.0000,TIER 1 & 2
,OH_Full_Heavy_Armor_Vest_olive,clothing,224.7500,UNDERGROUND
,OH_Full_Heavy_Armor_Vest_black,clothing,224.7500,UNDERGROUND
,OH_Full_Heavy_Armor_Vest_dubok,clothing,224.7500,UNDERGROUND
,OH_Full_Heavy_Armor_Vest_flora,clothing,224.7500,UNDERGROUND
,OH_Full_Heavy_Armor_Vest_flektarn,clothing,224.7500,UNDERGROUND
,OH_Full_Heavy_Armor_Vest_emr,clothing,224.7500,UNDERGROUND
--- OTHERS ---,,,,
,ExplosionTest,other,0.0000,TIER 3 / MILITARY
,AnniversaryMusicSource,other,0.0000,TIER 3 / MILITARY
,AnniversarySpotLight,other,0.0000,TIER 3 / MILITARY
,container_blue,other,0.0000,TIER 3 / MILITARY
,Forklift,other,0.0000,TIER 3 / MILITARY
,container_green,other,0.0000,TIER 3 / MILITARY
,Socha,other,0.0000,TIER 3 / MILITARY
,ambulancia_crash,other,0.0000,TIER 3 / MILITARY
,YRTSK_UFO_Crash,other,0.0000,TIER 3 / MILITARY
,Alien_Ship,other,0.0000,TIER 3 / MILITARY
,Blue_Light_B20,other,0.0000,TIER 3 / MILITARY
,ZeroPoint,other,0.0000,TIER 3 / MILITARY
,Alien_Sound,other,0.0000,TIER 3 / MILITARY
,ZmbM_HermitSkinny_Beige,other,0.0000,TIER 3 / MILITARY
,ZmbM_HermitSkinny_Black,other,0.0000,TIER 3 / MILITARY
,ZmbM_HermitSkinny_Green,other,0.0000,TIER 3 / MILITARY
,ZmbM_HermitSkinny_Red,other,0.0000,TIER 3 / MILITARY
,ZmbM_FarmerFat_Blue,other,0.0000,TIER 3 / MILITARY
,ZmbM_FarmerFat_Brown,other,0.0000,TIER 3 / MILITARY
,ZmbM_FarmerFat_Green,other,0.0000,TIER 3 / MILITARY
,ZmbF_CitizenANormal_Beige,other,0.0000,TIER 3 / MILITARY
,ZmbF_CitizenANormal_Blue,other,0.0000,TIER 3 / MILITARY
,ZmbM_CitizenASkinny_Blue,other,0.0000,TIER 3 / MILITARY
,ZmbM_CitizenASkinny_Grey,other,0.0000,TIER 3 / MILITARY
,ZmbM_CitizenASkinny_Red,other,0.0000,TIER 3 / MILITARY
,ZmbM_CitizenBFat_Blue,other,0.0000,TIER 3 / MILITARY
,ZmbM_CitizenBFat_Red,other,0.0000,TIER 3 / MILITARY
,ZmbM_CitizenBFat_Green,other,0.0000,TIER 3 / MILITARY
,ZmbF_CitizenBSkinny,other,0.0000,TIER 3 / MILITARY
,ZmbM_PrisonerSkinny,other,0.0000,TIER 3 / MILITARY
,ZmbM_FishermanOld_Blue,other,0.0000,TIER 3 / MILITARY
,ZmbM_FishermanOld_Green,other,0.0000,TIER 3 / MILITARY
,ZmbM_FishermanOld_Grey,other,0.0000,TIER 3 / MILITARY
,ZmbM_FishermanOld_Red,other,0.0000,TIER 3 / MILITARY
,ZmbM_JournalistSkinny,other,0.0000,TIER 3 / MILITARY
,ZmbF_JournalistNormal_Blue,other,0.0000,TIER 3 / MILITARY
,ZmbF_JournalistNormal_Green,other,0.0000,TIER 3 / MILITARY
,ZmbF_JournalistNormal_Red,other,0.0000,TIER 3 / MILITARY
,ZmbM_HikerSkinny_Blue,other,0.0000,TIER 3 / MILITARY
,ZmbM_HikerSkinny_Green,other,0.0000,TIER 3 / MILITARY
,ZmbM_HikerSkinny_Yellow,other,0.0000,TIER 3 / MILITARY
,ZmbF_HikerSkinny_Blue,other,0.0000,TIER 3 / MILITARY
,ZmbF_HikerSkinny_Grey,other,0.0000,TIER 3 / MILITARY
,ZmbF_HikerSkinny_Green,other,0.0000,TIER 3 / MILITARY
,ZmbF_HikerSkinny_Red,other,0.0000,TIER 3 / MILITARY
,ZmbM_CommercialPilotOld_Blue,other,0.0000,TIER 3 / MILITARY
,ZmbM_CommercialPilotOld_Olive,other,0.0000,TIER 3 / MILITARY
,ZmbM_CommercialPilotOld_Brown,other,0.0000,TIER 3 / MILITARY
,ZmbM_MotobikerFat_Beige,other,0.0000,TIER 3 / MILITARY
,ZmbM_MotobikerFat_Black,other,0.0000,TIER 3 / MILITARY
,ZmbM_MotobikerFat_Blue,other,0.0000,TIER 3 / MILITARY
,ZmbM_VillagerOld_Blue,other,0.0000,TIER 3 / MILITARY
,ZmbM_VillagerOld_White,other,0.0000,TIER 3 / MILITARY
,ZmbM_SkaterYoung_Brown,other,0.0000,TIER 3 / MILITARY
,ZmbM_SkaterYoung_Green,other,0.0000,TIER 3 / MILITARY
,ZmbM_SkaterYoung_Grey,other,0.0000,TIER 3 / MILITARY
,ZmbF_SkaterYoung_Brown,other,0.0000,TIER 3 / MILITARY
,ZmbF_SkaterYoung_Striped,other,0.0000,TIER 3 / MILITARY
,ZmbF_SkaterYoung_Violet,other,0.0000,TIER 3 / MILITARY
,ZmbF_BlueCollarFat_Blue,other,0.0000,TIER 3 / MILITARY
,ZmbF_BlueCollarFat_Green,other,0.0000,TIER 3 / MILITARY
,ZmbF_BlueCollarFat_Red,other,0.0000,TIER 3 / MILITARY
,ZmbF_BlueCollarFat_White,other,0.0000,TIER 3 / MILITARY
,ZmbF_MechanicNormal_Beige,other,0.0000,TIER 3 / MILITARY
,ZmbF_MechanicNormal_Green,other,0.0000,TIER 3 / MILITARY
,ZmbF_MechanicNormal_Grey,other,0.0000,TIER 3 / MILITARY
,ZmbF_MechanicNormal_Orange,other,0.0000,TIER 3 / MILITARY
,ZmbM_MechanicSkinny_Blue,other,0.0000,TIER 3 / MILITARY
,ZmbM_MechanicSkinny_Grey,other,0.0000,TIER 3 / MILITARY
,ZmbM_MechanicSkinny_Green,other,0.0000,TIER 3 / MILITARY
,ZmbM_MechanicSkinny_Red,other,0.0000,TIER 3 / MILITARY
,ZmbM_ConstrWorkerNormal_Beige,other,0.0000,TIER 3 / MILITARY
,ZmbM_ConstrWorkerNormal_Black,other,0.0000,TIER 3 / MILITARY
,ZmbM_ConstrWorkerNormal_Green,other,0.0000,TIER 3 / MILITARY
,ZmbM_ConstrWorkerNormal_Grey,other,0.0000,TIER 3 / MILITARY
,ZmbM_HeavyIndustryWorker,other,0.0000,TIER 3 / MILITARY
,ZmbM_OffshoreWorker_Green,other,0.0000,TIER 3 / MILITARY
,ZmbM_OffshoreWorker_Orange,other,0.0000,TIER 3 / MILITARY
,ZmbM_OffshoreWorker_Red,other,0.0000,TIER 3 / MILITARY
,ZmbM_OffshoreWorker_Yellow,other,0.0000,TIER 3 / MILITARY
,ZmbM_HandymanNormal_Beige,other,0.0000,TIER 3 / MILITARY
,ZmbM_HandymanNormal_Blue,other,0.0000,TIER 3 / MILITARY
,ZmbM_HandymanNormal_Green,other,0.0000,TIER 3 / MILITARY
,ZmbM_HandymanNormal_Grey,other,0.0000,TIER 3 / MILITARY
,ZmbM_HandymanNormal_White,other,0.0000,TIER 3 / MILITARY
,ZmbF_PatientOld,other,0.0000,TIER 3 / MILITARY
,ZmbF_PatientOld_Winter,other,0.0000,TIER 3 / MILITARY
,ZmbM_PatientSkinny,other,0.0000,TIER 3 / MILITARY
,ZmbM_PatientSkinny_Winter,other,0.0000,TIER 3 / MILITARY
,ZmbF_ShortSkirt_beige,other,0.0000,TIER 3 / MILITARY
,ZmbF_ShortSkirt_brown,other,0.0000,TIER 3 / MILITARY
,ZmbF_ShortSkirt_green,other,0.0000,TIER 3 / MILITARY
,ZmbF_ShortSkirt_grey,other,0.0000,TIER 3 / MILITARY
,ZmbF_ShortSkirt_checks,other,0.0000,TIER 3 / MILITARY
,ZmbF_ShortSkirt_white,other,0.0000,TIER 3 / MILITARY
,ZmbF_ShortSkirt_yellow,other,0.0000,TIER 3 / MILITARY
,ZmbF_VillagerOld_Green,other,0.0000,TIER 3 / MILITARY
,ZmbF_VillagerOld_Red,other,0.0000,TIER 3 / MILITARY
,ZmbF_VillagerOld_White,other,0.0000,TIER 3 / MILITARY
,ZmbF_MilkMaidOld_Beige,other,0.0000,TIER 3 / MILITARY
,ZmbF_MilkMaidOld_Black,other,0.0000,TIER 3 / MILITARY
,ZmbF_MilkMaidOld_Grey,other,0.0000,TIER 3 / MILITARY
,ZmbM_ClerkFat_Grey,other,0.0000,TIER 3 / MILITARY
,ZmbM_ClerkFat_Khaki,other,0.0000,TIER 3 / MILITARY
,ZmbM_ClerkFat_White,other,0.0000,TIER 3 / MILITARY
,ZmbF_Clerk_Normal_Blue,other,0.0000,TIER 3 / MILITARY
,ZmbF_Clerk_Normal_White,other,0.0000,TIER 3 / MILITARY
,ZmbF_Clerk_Normal_Red,other,0.0000,TIER 3 / MILITARY
,ZmbF_ClerkFat_Black,other,0.0000,TIER 3 / MILITARY
,ZmbF_ClerkFat_GreyPattern,other,0.0000,TIER 3 / MILITARY
,ZmbF_ClerkFat_BluePattern,other,0.0000,TIER 3 / MILITARY
,ZmbF_ClerkFat_White,other,0.0000,TIER 3 / MILITARY
,ZmbM_Gamedev_Black,other,0.0000,TIER 3 / MILITARY
,ZmbM_Gamedev_Blue,other,0.0000,TIER 3 / MILITARY
,ZmbM_Gamedev_Gray,other,0.0000,TIER 3 / MILITARY
,ZmbM_SoldierNormal,other,0.0000,TIER 3 / MILITARY
,ZmbM_usSoldier_normal_Woodland,other,0.0000,TIER 3 / MILITARY
,ZmbM_usSoldier_normal_Desert,other,0.0000,TIER 3 / MILITARY
,ZmbM_eastSoldier_normal_Navy,other,0.0000,TIER 3 / MILITARY
,ZmbM_usSoldier_Officer_Desert,other,0.0000,TIER 3 / MILITARY
,ZmbM_usSoldier_Officer_Convoy,other,0.0000,TIER 3 / MILITARY
,ZmbM_usSoldier_Heavy_Woodland,other,0.0000,TIER 3 / MILITARY
,ZmbM_eastSoldier_Heavy_Navy,other,0.0000,TIER 3 / MILITARY
,ZmbM_PatrolNormal_PautRev,other,0.0000,TIER 3 / MILITARY
,ZmbM_PatrolNormal_Autumn,other,0.0000,TIER 3 / MILITARY
,ZmbM_PatrolNormal_Flat,other,0.0000,TIER 3 / MILITARY
,ZmbM_PatrolNormal_Summer,other,0.0000,TIER 3 / MILITARY
,ZmbM_PatrolNormal_Winter,other,0.0000,TIER 3 / MILITARY
,ZmbM_NBC_Grey,other,0.0000,TIER 3 / MILITARY
,ZmbM_PolicemanFat,other,0.0000,TIER 3 / MILITARY
,ZmbF_PoliceWomanNormal,other,0.0000,TIER 3 / MILITARY
,ZmbM_PolicemanSpecForce,other,0.0000,TIER 3 / MILITARY
,ZmbM_PolicemanSpecForce_Heavy,other,0.0000,TIER 3 / MILITARY
,ZmbM_HunterOld_Autumn,other,0.0000,TIER 3 / MILITARY
,ZmbM_HunterOld_Spring,other,0.0000,TIER 3 / MILITARY
,ZmbM_HunterOld_Summer,other,0.0000,TIER 3 / MILITARY
,ZmbM_HunterOld_Winter,other,0.0000,TIER 3 / MILITARY
,ZmbM_ParamedicNormal_Blue,other,0.0000,TIER 3 / MILITARY
,ZmbM_ParamedicNormal_Green,other,0.0000,TIER 3 / MILITARY
,ZmbM_ParamedicNormal_Red,other,0.0000,TIER 3 / MILITARY
,ZmbM_ParamedicNormal_Black,other,0.0000,TIER 3 / MILITARY
,ZmbF_ParamedicNormal_Blue,other,0.0000,TIER 3 / MILITARY
,ZmbF_ParamedicNormal_Green,other,0.0000,TIER 3 / MILITARY
,ZmbF_ParamedicNormal_Red,other,0.0000,TIER 3 / MILITARY
,ZmbF_DoctorSkinny,other,0.0000,TIER 3 / MILITARY
,ZmbF_NurseFat,other,0.0000,TIER 3 / MILITARY
,ZmbF_NurseFat_Winter,other,0.0000,TIER 3 / MILITARY
,ZmbM_DoctorFat,other,0.0000,TIER 3 / MILITARY
,ZmbM_DoctorFat_Winter,other,0.0000,TIER 3 / MILITARY
,ZmbM_NBC_Yellow,other,0.0000,TIER 3 / MILITARY
,ZmbM_NBC_White,other,0.0000,TIER 3 / MILITARY
,ZmbM_FirefighterNormal,other,0.0000,TIER 3 / MILITARY
,ZmbM_priestPopSkinny,other,0.0000,TIER 3 / MILITARY
,ZmbM_Santa,other,0.0000,TIER 3 / MILITARY
,ZmbM_SkaterYoung_Blue,other,0.0000,TIER 3 / MILITARY
,ZmbF_CitizenANormal_Brown,other,0.0000,TIER 3 / MILITARY
,ZmbF_Clerk_Normal_Green,other,0.0000,TIER 3 / MILITARY
,ZmbF_JournalistNormal_White,other,0.0000,TIER 3 / MILITARY
,ZmbF_ShortSkirt_Black,other,0.0000,TIER 3 / MILITARY
,ZmbF_ShortSkirt_red,other,0.0000,TIER 3 / MILITARY
,ZmbF_ShortSkirt_stripes,other,0.0000,TIER 3 / MILITARY
,ZmbM_CitizenASkinny_Brown,other,0.0000,TIER 3 / MILITARY
,ZmbM_ClerkFat_Brown,other,0.0000,TIER 3 / MILITARY
,ZmbM_CommercialPilotOld_Grey,other,0.0000,TIER 3 / MILITARY
,ZmbM_VillagerOld_Green,other,0.0000,TIER 3 / MILITARY
,ZmbF_MilkMaidOld_Green,other,0.0000,TIER 3 / MILITARY
,ZmbF_VillagerOld_Blue,other,0.0000,TIER 3 / MILITARY
,ZmbM_FarmerFat_Beige,other,0.0000,TIER 3 / MILITARY
,ZmbF_JoggerSkinny_Red,other,0.0000,TIER 3 / MILITARY
,ZmbF_JoggerSkinny_Blue,other,0.0000,TIER 3 / MILITARY
,ZmbF_JoggerSkinny_Brown,other,0.0000,TIER 3 / MILITARY
,ZmbF_JoggerSkinny_Green,other,0.0000,TIER 3 / MILITARY
,ZmbM_JoggerSkinny_Red,other,0.0000,TIER 3 / MILITARY
,ZmbM_JoggerSkinny_Blue,other,0.0000,TIER 3 / MILITARY
,ZmbM_JoggerSkinny_Green,other,0.0000,TIER 3 / MILITARY
,ZmbM_Mummy,other,0.0000,TIER 3 / MILITARY
,StaticObj_FrozenScientist_DE,other,0.0000,TIER 3 / MILITARY
,Bonfire,other,0.0000,TIER 3 / MILITARY
,PotatoSeed,other,0.0000,TIER 3 / MILITARY
,PlantMaterial,other,0.0000,TIER 3 / MILITARY
,Honey,other,0.0000,TIER 3 / MILITARY
,Candycane_Green,food,0.0000,TIER 1 & 2
,Candycane_Red,food,0.0000,TIER 1 & 2
,Candycane_RedGreen,food,0.0000,TIER 1 & 2
,Candycane_Yellow,food,0.0000,TIER 1 & 2
,Apple,food,0.0000,TIER 1 & 2
,Plum,other,0.0000,TIER 3 / MILITARY
,Pear,food,0.0000,TIER 1 & 2
,Banana,other,0.0000,TIER 3 / MILITARY
,Orange,other,0.0000,TIER 3 / MILITARY
,Tomato,other,0.0000,TIER 3 / MILITARY
,GreenBellPepper,other,0.0000,TIER 3 / MILITARY
,Zucchini,other,0.0000,TIER 3 / MILITARY
,Potato,other,0.0000,TIER 3 / MILITARY
,Kiwi,other,0.0000,TIER 3 / MILITARY
,SambucusBerry,other,0.0000,TIER 3 / MILITARY
,CaninaBerry,food,0.0000,TIER 1 & 2
,Cannabis,food,0.0000,TIER 1 & 2
,ChickenBreastMeat,other,0.0000,TIER 3 / MILITARY
,CarpFilletMeat,other,0.0000,TIER 3 / MILITARY
,MackerelFilletMeat,other,0.0000,TIER 3 / MILITARY
,WalleyePollockFilletMeat,other,0.0000,TIER 3 / MILITARY
,SteelheadTroutFilletMeat,other,0.0000,TIER 3 / MILITARY
,WalleyePollock,other,0.0000,TIER 3 / MILITARY
,SteelheadTrout,other,0.0000,TIER 3 / MILITARY
,AgaricusMushroom,other,0.0000,TIER 3 / MILITARY
,AmanitaMushroom,other,0.0000,TIER 3 / MILITARY
,MacrolepiotaMushroom,other,0.0000,TIER 3 / MILITARY
,LactariusMushroom,other,0.0000,TIER 3 / MILITARY
,PsilocybeMushroom,other,0.0000,TIER 3 / MILITARY
,BoletusMushroom,other,0.0000,TIER 3 / MILITARY
,PleurotusMushroom,other,0.0000,TIER 3 / MILITARY
,CraterellusMushroom,other,0.0000,TIER 3 / MILITARY
,ChelatingTablets,other,0.0000,TIER 3 / MILITARY
,StaticObj_Roadblock_Wood_Long_DE,other,0.0000,TIER 3 / MILITARY
,StaticObj_Roadblock_Wood_Small_DE,other,0.0000,TIER 3 / MILITARY
,StaticObj_Misc_SupplyBox1_DE,other,0.0000,TIER 3 / MILITARY
,StaticObj_Misc_SupplyBox2_DE,other,0.0000,TIER 3 / MILITARY
,StaticObj_Misc_SupplyBox3_DE,other,0.0000,TIER 3 / MILITARY
,StaticObj_Decal_damage_long1_DE,other,0.0000,TIER 3 / MILITARY
,StaticObj_Decal_damage_long2_DE,other,0.0000,TIER 3 / MILITARY
,StaticObj_Decal_damage_long3_DE,other,0.0000,TIER 3 / MILITARY
,StaticObj_Decal_damage_long4_DE,other,0.0000,TIER 3 / MILITARY
,StaticObj_Decal_damage_long5_DE,other,0.0000,TIER 3 / MILITARY
,StaticObj_Decal_damage_medium1_DE,other,0.0000,TIER 3 / MILITARY
,StaticObj_Decal_damage_medium2_DE,other,0.0000,TIER 3 / MILITARY
,StaticObj_Decal_damage_small1_DE,other,0.0000,TIER 3 / MILITARY
,StaticObj_Decal_damage_small2_DE,other,0.0000,TIER 3 / MILITARY
,Wreck_UH1Y,other,0.0000,TIER 3 / MILITARY
,Wreck_Mi8,other,0.0000,TIER 3 / MILITARY
,Wreck_Mi8_Crashed,other,0.0000,TIER 3 / MILITARY
,Wreck_SantasSleigh,other,0.0000,TIER 3 / MILITARY
,StaticObj_Wreck_Train_Wagon_Flat_DE,other,0.0000,TIER 3 / MILITARY
,StaticObj_Wreck_Train_Wagon_Flat_Mil_DE,other,0.0000,TIER 3 / MILITARY
,StaticObj_Train_Wagon_Flat_Industrial_Planks_DE,other,0.0000,CONSTRUCTION & SPARE PARTS
,StaticObj_Train_Wagon_Flat_Industrial_Barrels_DE,other,0.0000,TIER 3 / MILITARY
,StaticObj_Wreck_Train_Wagon_Tanker_DE,other,0.0000,TIER 3 / MILITARY
,StaticObj_Wreck_Train_Wagon_Tanker_Mil_DE,other,0.0000,TIER 3 / MILITARY
,StaticObj_Wreck_Train_742_Blue_DE,other,0.0000,TIER 3 / MILITARY
,StaticObj_Wreck_Train_742_Red_DE,other,0.0000,TIER 3 / MILITARY
,StaticObj_Wreck_Train_742_Blue_Mil_DE,other,0.0000,TIER 3 / MILITARY
,StaticObj_Wreck_Train_742_Red_Mil_DE,other,0.0000,TIER 3 / MILITARY
,StaticObj_Wreck_BMP1_DE,other,0.0000,TIER 3 / MILITARY
,StaticObj_Wreck_BMP2_DE,other,0.0000,TIER 3 / MILITARY
,StaticObj_Wreck_BRDM_DE,other,0.0000,TIER 3 / MILITARY
,StaticObj_Wreck_Ural_DE,other,0.0000,TIER 3 / MILITARY
,StaticObj_Wreck_BMP1_NoPlacement_DE,other,0.0000,TIER 3 / MILITARY
,StaticObj_Wreck_Uaz_DE,other,0.0000,TIER 3 / MILITARY
,StaticObj_Wreck_HMMWV_DE,other,0.0000,TIER 3 / MILITARY
,StaticObj_Wreck_T72_Chassis_DE,other,0.0000,TIER 3 / MILITARY
,StaticObj_Wreck_T72_Turret_DE,other,0.0000,TIER 3 / MILITARY
,StaticObj_Wreck_Trailer_Flat_DE,other,0.0000,TIER 3 / MILITARY
,StaticObj_Wreck_Decal_Big_DE,other,0.0000,TIER 3 / MILITARY
,StaticObj_Wreck_Decal_Big_NoLC_DE,other,0.0000,TIER 3 / MILITARY
,StaticObj_Wreck_Decal_Small1_DE,other,0.0000,TIER 3 / MILITARY
,StaticObj_Wreck_Decal_Small1_NoLC_DE,other,0.0000,TIER 3 / MILITARY
,StaticObj_Wreck_Decal_Small2_DE,other,0.0000,TIER 3 / MILITARY
,StaticObj_Wreck_Decal_Small2_NoLC_DE,other,0.0000,TIER 3 / MILITARY
,StaticObj_PatrolBoat_Military_DE,other,0.0000,TIER 3 / MILITARY
,Boat_01_Orange,other,0.0000,TIER 3 / MILITARY
,Boat_01_Blue,other,0.0000,TIER 3 / MILITARY
,Boat_01_Black,other,0.0000,TIER 3 / MILITARY
,Boat_01_Camo,other,0.0000,TIER 3 / MILITARY
,the_vault,other,0.0000,TIER 3 / MILITARY
,WSHeadDummy,other,0.0000,TIER 3 / MILITARY
,Scout_Alien_1,other,0.0000,TIER 3 / MILITARY
,Scout_Alien_2,other,0.0000,TIER 3 / MILITARY
,Queen_Alien,other,0.0000,TIER 3 / MILITARY
,Captain_Alien,other,0.0000,TIER 3 / MILITARY
,FC_Stand_1Static,other,0.0000,TIER 3 / MILITARY
,GP25,other,0.0000,TIER 3 / MILITARY
,GP25_Standalone,other,0.0000,TIER 3 / MILITARY
,M203,other,0.0000,TIER 3 / MILITARY
,M203_Standalone,other,0.0000,TIER 3 / MILITARY
,Mag_Banov_SingularityCannon_5Rnd,food,0.0000,TIER 1 & 2
,ChickenFeather,other,0.0010,TIER 3 / MILITARY
,Shrimp,other,0.0010,TIER 3 / MILITARY
,SSG82Optic,other,0.0010,TIER 3 / MILITARY
,M79DummyOptics,other,0.0010,TIER 3 / MILITARY
,Magnum_Cylinder,other,0.0010,TIER 3 / MILITARY
,Magnum_Ejector,other,0.0010,TIER 3 / MILITARY
,MoneyRuble1,other,0.0010,TIER 3 / MILITARY
,MoneyRuble500,other,0.0010,TIER 3 / MILITARY
,MoneyRuble1000,other,0.0010,TIER 3 / MILITARY
,MoneyRuble5000,other,0.0010,TIER 3 / MILITARY
,MoneyRuble5,other,0.0010,TIER 3 / MILITARY
,MoneyRuble10,other,0.0010,TIER 3 / MILITARY
,MoneyRuble25,other,0.0010,TIER 3 / MILITARY
,MoneyRuble50,other,0.0010,TIER 3 / MILITARY
,MoneyRuble100,other,0.0010,TIER 3 / MILITARY
,Hook,other,0.0010,TIER 3 / MILITARY
,BoneHook,other,0.0010,TIER 3 / MILITARY
,Paper,other,0.0020,TIER 3 / MILITARY
,VehicleKeyBase,other,0.0040,TIER 3 / MILITARY
,VehicleKeyDuplicate,other,0.0040,TIER 3 / MILITARY
,VehicleKeyLost,other,0.0040,TIER 3 / MILITARY
,VehicleKeyRed,other,0.0040,TIER 3 / MILITARY
,VehicleKeyBlack,other,0.0040,TIER 3 / MILITARY
,VehicleKeyGrayCyan,other,0.0040,TIER 3 / MILITARY
,VehicleKeyYellow,other,0.0040,TIER 3 / MILITARY
,VehicleKeyPurple,other,0.0040,TIER 3 / MILITARY
,HandcuffKeys,other,0.0040,TIER 3 / MILITARY
,ScientificBriefcaseKeys,other,0.0040,TIER 3 / MILITARY
,ShippingContainerKeys_Blue,other,0.0040,TIER 3 / MILITARY
,ShippingContainerKeys_Orange,other,0.0040,TIER 3 / MILITARY
,ShippingContainerKeys_Yellow,other,0.0040,TIER 3 / MILITARY
,ShippingContainerKeys_Red,other,0.0040,TIER 3 / MILITARY
,Ammo_454Casull,other,0.0040,TIER 3 / MILITARY
,Ammo_454Casull_Admin,other,0.0040,TIER 3 / MILITARY
,Ammo_556x45AP,other,0.0040,TIER 3 / MILITARY
,Ammo_65Creedmore,other,0.0080,TIER 3 / MILITARY
,Ammo_762x39AP,other,0.0080,TIER 3 / MILITARY
,TomatoSeeds,other,0.0100,TIER 3 / MILITARY
,PepperSeeds,other,0.0100,TIER 3 / MILITARY
,ZucchiniSeeds,other,0.0100,TIER 3 / MILITARY
,CannabisSeeds,food,0.0100,TIER 1 & 2
,Zagorky,other,0.0100,TIER 3 / MILITARY
,ZagorkyChocolate,other,0.0100,TIER 3 / MILITARY
,ZagorkyPeanuts,other,0.0100,TIER 3 / MILITARY
,SaltySticks,other,0.0100,TIER 3 / MILITARY
,Crackers,other,0.0100,TIER 3 / MILITARY
,Chips,other,0.0100,TIER 3 / MILITARY
,BandageDressing,medic,0.0100,TIER 3 / MILITARY
,Psix_Bandage_Improved,other,0.0100,TIER 3 / MILITARY
,Psix_Bandage_Advanced,other,0.0100,TIER 3 / MILITARY
,Psix_Bandage_Specional,other,0.0100,TIER 3 / MILITARY
,Psix_Bandage_Unlimited,other,0.0100,TIER 3 / MILITARY
,PunchedCard,other,0.0100,TIER 3 / MILITARY
,Battery9V,other,0.0100,CONSTRUCTION & SPARE PARTS
,WoodenHook,other,0.0100,TIER 3 / MILITARY
,Ammo_300AAC,other,0.0100,TIER 3 / MILITARY
,Ammo_308WinAP,other,0.0100,TIER 3 / MILITARY
,Ammo_12_7_55,other,0.0110,TIER 3 / MILITARY
,Ammo_300AAC_AP,other,0.0110,TIER 3 / MILITARY
,BoxCerealCrunchin,other,0.0120,TIER 3 / MILITARY
,Matchbox,other,0.0120,TIER 3 / MILITARY
,Pen_Black,other,0.0120,TIER 3 / MILITARY
,Pen_Red,other,0.0120,TIER 3 / MILITARY
,Pen_Green,other,0.0120,TIER 3 / MILITARY
,Pen_Blue,other,0.0120,TIER 3 / MILITARY
,Ammo_50Beowolf,other,0.0120,TIER 3 / MILITARY
,Ammo_338LapuaMagnum,other,0.0130,TIER 3 / MILITARY
,Ammo_408CheyTac,other,0.0140,TIER 4 / ALIEN
,SodaCan_Pipsi,food,0.0150,TIER 1 & 2
,SodaCan_Cola,food,0.0150,TIER 1 & 2
,SodaCan_Spite,food,0.0150,TIER 1 & 2
,SodaCan_Kvass,food,0.0150,TIER 1 & 2
,SodaCan_Fronta,food,0.0150,TIER 1 & 2
,TunaCan_Opened,food,0.0150,TIER 1 & 2
,DogFoodCan_Opened,food,0.0150,TIER 1 & 2
,CatFoodCan_Opened,food,0.0150,TIER 1 & 2
,PorkCan_Opened,food,0.0150,TIER 1 & 2
,Lunchmeat_Opened,other,0.0150,TIER 3 / MILITARY
,CrabCan_Opened,food,0.0150,TIER 1 & 2
,Pajka_Opened,other,0.0150,TIER 3 / MILITARY
,Pate_Opened,other,0.0150,TIER 3 / MILITARY
,BrisketSpread_Opened,other,0.0150,TIER 3 / MILITARY
,Thermometer,other,0.0150,TIER 3 / MILITARY
,Psix_Drink_JackDaniels,other,0.0150,TIER 3 / MILITARY
,Psix_Amsterdam_Beer,other,0.0150,TIER 3 / MILITARY
,Psix_Heineken_Beer,other,0.0150,TIER 3 / MILITARY
,Psix_Kazelbleat_Chernyi,other,0.0150,TIER 3 / MILITARY
,Psix_Stalker_Energy,other,0.0150,TIER 3 / MILITARY
,Psix_PepsiDrink,other,0.0150,TIER 3 / MILITARY
,Psix_DriveEnegry,other,0.0150,TIER 3 / MILITARY
,Psix_Mochakovo,other,0.0150,TIER 3 / MILITARY
,Psix_BangDrink,other,0.0150,TIER 3 / MILITARY
,Psix_Cola,other,0.0150,TIER 3 / MILITARY
,Psix_CoolCold,other,0.0150,TIER 3 / MILITARY
,Bait,other,0.0150,TIER 3 / MILITARY
,BoneBait,other,0.0150,TIER 3 / MILITARY
,Jig,other,0.0150,TIER 3 / MILITARY
,Ammo_50BMG,other,0.0150,TIER 3 / MILITARY
,Ammo_50BMG_AP,other,0.0150,TIER 3 / MILITARY
,PurificationTablets,other,0.0200,TIER 3 / MILITARY
,CharcoalTablets,other,0.0200,TIER 3 / MILITARY
,PainkillerTablets,other,0.0200,TIER 3 / MILITARY
,TetracyclineAntibiotics,medic,0.0200,TIER 3 / MILITARY
,Psix_EnergyTablets,other,0.0200,TIER 3 / MILITARY
,Psix_Paracetamol,other,0.0200,TIER 3 / MILITARY
,Psix_Ondansetron,other,0.0200,TIER 3 / MILITARY
,Psix_Cocodamol,other,0.0200,TIER 3 / MILITARY
,Psix_Amoxicillin,other,0.0200,TIER 3 / MILITARY
,Psix_Flouxatine,other,0.0200,TIER 3 / MILITARY
,Psix_Flucloxacillin,other,0.0200,TIER 3 / MILITARY
,Psix_Lymecycline,other,0.0200,TIER 3 / MILITARY
,Psix_Tramadol,other,0.0200,TIER 3 / MILITARY
,PsiX_Aspirin,other,0.0200,TIER 3 / MILITARY
,Rag,other,0.0200,TIER 3 / MILITARY
,EyePatch_Improvised,other,0.0200,TIER 3 / MILITARY
,EpoxyPutty,other,0.0200,TIER 3 / MILITARY
,Worm,other,0.0210,TIER 3 / MILITARY
,SardinesCan_Opened,food,0.0250,TIER 1 & 2
,SmallFishTrap,other,0.0250,TIER 3 / MILITARY
,TomatoSeedsPack,other,0.0300,TIER 3 / MILITARY
,PepperSeedsPack,other,0.0300,TIER 3 / MILITARY
,ZucchiniSeedsPack,other,0.0300,TIER 3 / MILITARY
,CannabisSeedsPack,food,0.0300,TIER 1 & 2
,PowderedMilk,other,0.0300,TIER 3 / MILITARY
,Chemlight_White,other,0.0300,TIER 3 / MILITARY
,Chemlight_Red,other,0.0300,TIER 3 / MILITARY
,Chemlight_Green,other,0.0300,TIER 3 / MILITARY
,Chemlight_Blue,other,0.0300,TIER 3 / MILITARY
,Chemlight_Yellow,other,0.0300,TIER 3 / MILITARY
,Chemlight_NearBubble,other,0.0300,TIER 3 / MILITARY
,Chemlight_FarBubble,other,0.0300,TIER 3 / MILITARY
,PNC_Mag_Aurora_5Rnd,other,0.0300,TIER 3 / MILITARY
,Nail,other,0.0363,TIER 3 / MILITARY
,BakedBeansCan_Opened,food,0.0400,TIER 1 & 2
,PeachesCan_Opened,food,0.0400,TIER 1 & 2
,TacticalBaconCan_Opened,food,0.0400,TIER 1 & 2
,SpaghettiCan_Opened,food,0.0400,TIER 1 & 2
,UnknownFoodCan_Opened,food,0.0400,TIER 1 & 2
,ChernarusMap,other,0.0400,TIER 3 / MILITARY
,ChernarusMap_Open,other,0.0400,TIER 3 / MILITARY
,ChernarusMap_Open_Test,other,0.0400,TIER 3 / MILITARY
,Psix_Food_Tyshenka1_Opened,other,0.0400,TIER 3 / MILITARY
,Psix_Food_Tyshenka2_Opened,other,0.0400,TIER 3 / MILITARY
,Psix_Food_Tyshenka3_Opened,other,0.0400,TIER 3 / MILITARY
,Psix_Food_Tyshenka4_Opened,other,0.0400,TIER 3 / MILITARY
,Psix_Food_Tyshenka5_Opened,other,0.0400,TIER 3 / MILITARY
,Psix_Food_Tyshenka6_Opened,other,0.0400,TIER 3 / MILITARY
,Psix_Food_Goroshek_Opened,other,0.0400,TIER 3 / MILITARY
,Psix_Food_Kykyryza_Opened,other,0.0400,TIER 3 / MILITARY
,Banov_Map,other,0.0400,TIER 3 / MILITARY
,Banov_Map_Open,other,0.0400,TIER 3 / MILITARY
,Mag_Scout_5Rnd,other,0.0400,TIER 3 / MILITARY
,WaterBottle,food,0.0500,TIER 1 & 2
,DisinfectantSpray,other,0.0500,TIER 3 / MILITARY
,InjectionVial,other,0.0500,TIER 3 / MILITARY
,CigarettePack_Chernamorka,other,0.0500,TIER 3 / MILITARY
,CigarettePack_Merkur,other,0.0500,TIER 3 / MILITARY
,CigarettePack_Partyzanka,other,0.0500,TIER 3 / MILITARY
,ImprovisedSuppressor,other,0.0500,TIER 3 / MILITARY
,Psix_Barnoe_Beer,other,0.0500,TIER 3 / MILITARY
,Psix_Jigulevskoe,other,0.0500,TIER 3 / MILITARY
,Psix_Baltika,other,0.0500,TIER 3 / MILITARY
,Psix_Jigul1978,other,0.0500,TIER 3 / MILITARY
,Button_Pin_Radioactive,other,0.0500,TIER 3 / MILITARY
,Button_Pin_Daisy,other,0.0500,TIER 3 / MILITARY
,BurlapStrip,other,0.0500,TIER 3 / MILITARY
,PetrolLighter,other,0.0500,TIER 3 / MILITARY
,BoneKnife,other,0.0500,TIER 3 / MILITARY
,Rice,food,0.0600,TIER 1 & 2
,Epinephrine,medic,0.0600,TIER 3 / MILITARY
,Morphine,medic,0.0600,TIER 3 / MILITARY
,AntiChemInjector,other,0.0600,TIER 3 / MILITARY
,Psix_StimPack20HP,other,0.0600,TIER 3 / MILITARY
,Psix_StimPack40HP,other,0.0600,TIER 3 / MILITARY
,Psix_StimPack60HP,other,0.0600,TIER 3 / MILITARY
,Psix_StimPack80HP,other,0.0600,TIER 3 / MILITARY
,Psix_StimPack100HP,other,0.0600,TIER 3 / MILITARY
,Psix_StimPackBrokenLegsFix,other,0.0600,TIER 3 / MILITARY
,Psix_StimPackSecret,other,0.0600,TIER 3 / MILITARY
,Psix_StimXRG,other,0.0600,TIER 3 / MILITARY
,Psix_StimPackFull,other,0.0600,TIER 3 / MILITARY
,Candle,food,0.0600,TIER 1 & 2
,OH_InjectRED,other,0.0600,TIER 3 / MILITARY
,OH_InjectBlue,other,0.0600,TIER 3 / MILITARY
,OH_InjectGreen,other,0.0600,TIER 3 / MILITARY
,OH_InjectOrange,other,0.0600,TIER 3 / MILITARY
,PistolSuppressor,other,0.0700,TIER 3 / MILITARY
,M4_Suppressor,other,0.0730,TIER 3 / MILITARY
,PNC_Suppressor_408_CheyTac,other,0.0730,TIER 4 / ALIEN
,PNC_Suppressor_65_Creedmore,other,0.0730,TIER 3 / MILITARY
,PNC_Suppressor_65_Creedmore_tan,other,0.0730,TIER 3 / MILITARY
,PNC_Suppressor_65_Creedmore_Green,other,0.0730,TIER 3 / MILITARY
,PNC_Suppressor_762x39mm_Legion,other,0.0730,TIER 3 / MILITARY
,PNC_Suppressor_556mm,other,0.0730,TIER 3 / MILITARY
,PNC_Suppressor_556mm_2,other,0.0730,TIER 3 / MILITARY
,PNC_Suppressor_12ga,other,0.0730,TIER 3 / MILITARY
,PNC_Suppressor_308Win,other,0.0730,TIER 3 / MILITARY
,PNC_Aurora_Suppressor,other,0.0730,TIER 3 / MILITARY
,PNC_HoneyBadger_Suppressor_01,other,0.0730,TIER 3 / MILITARY
,PNC_HoneyBadger_Suppressor_02,other,0.0730,TIER 3 / MILITARY
,PNC_HoneyBadger_Suppressor_03,other,0.0730,TIER 3 / MILITARY
,PNC_Suppressor_338,other,0.0730,TIER 3 / MILITARY
,PrisonerCap,other,0.0800,TIER 3 / MILITARY
,Armband_White,other,0.0800,TIER 3 / MILITARY
,Armband_Yellow,other,0.0800,TIER 3 / MILITARY
,Armband_Orange,other,0.0800,TIER 3 / MILITARY
,Armband_Red,other,0.0800,TIER 3 / MILITARY
,Armband_Green,other,0.0800,TIER 3 / MILITARY
,Armband_Pink,other,0.0800,TIER 3 / MILITARY
,Armband_Blue,other,0.0800,TIER 3 / MILITARY
,Armband_Black,other,0.0800,TIER 3 / MILITARY
,Armband_Chernarus,other,0.0800,TIER 3 / MILITARY
,Armband_Chedaki,other,0.0800,TIER 3 / MILITARY
,Armband_NAPA,other,0.0800,TIER 3 / MILITARY
,Armband_CDF,other,0.0800,TIER 3 / MILITARY
,Armband_Livonia,other,0.0800,TIER 3 / MILITARY
,Armband_Altis,other,0.0800,TIER 3 / MILITARY
,Armband_SSahrani,other,0.0800,TIER 3 / MILITARY
,Armband_NSahrani,other,0.0800,TIER 3 / MILITARY
,Armband_DayZ,other,0.0800,TIER 3 / MILITARY
,Armband_LivoniaArmy,other,0.0800,TIER 3 / MILITARY
,Armband_Bohemia,other,0.0800,TIER 3 / MILITARY
,Armband_APA,other,0.0800,TIER 3 / MILITARY
,Armband_UEC,other,0.0800,TIER 3 / MILITARY
,Armband_Pirates,other,0.0800,TIER 3 / MILITARY
,Armband_Cannibals,food,0.0800,TIER 1 & 2
,Armband_Bear,other,0.0800,TIER 3 / MILITARY
,Armband_Wolf,other,0.0800,TIER 3 / MILITARY
,Armband_BabyDeer,other,0.0800,TIER 3 / MILITARY
,Armband_Rooster,other,0.0800,TIER 3 / MILITARY
,Armband_CMC,other,0.0800,TIER 3 / MILITARY
,Armband_TEC,other,0.0800,TIER 3 / MILITARY
,Armband_CHEL,other,0.0800,TIER 3 / MILITARY
,Armband_Zenit,other,0.0800,TIER 3 / MILITARY
,Armband_BrainZ,other,0.0800,TIER 3 / MILITARY
,Armband_Refuge,other,0.0800,TIER 3 / MILITARY
,Armband_RSTA,other,0.0800,TIER 3 / MILITARY
,Armband_Snake,other,0.0800,TIER 3 / MILITARY
,Armband_Crook,other,0.0800,TIER 3 / MILITARY
,Armband_Rex,other,0.0800,TIER 3 / MILITARY
,Armband_Zagorky,other,0.0800,TIER 3 / MILITARY
,Armband_Sakhal,other,0.0800,TIER 3 / MILITARY
,UniversalLight,other,0.0800,TIER 3 / MILITARY
,Bark_Oak,other,0.0800,TIER 3 / MILITARY
,Bark_Birch,other,0.0800,TIER 3 / MILITARY
,Cassette,other,0.0800,TIER 3 / MILITARY
,AmmoBox_338LapuaMagnum_20Rnd,other,0.0850,TIER 3 / MILITARY
,AmmoBox_454Casull_20Rnd,other,0.0850,TIER 3 / MILITARY
,AmmoBox_556x45AP_20Rnd,other,0.0850,TIER 3 / MILITARY
,SkiGoggles_WhiteClear,other,0.0900,TIER 3 / MILITARY
,SkiGoggles_WhiteDark,other,0.0900,TIER 3 / MILITARY
,SkiGoggles_BlackYellow,other,0.0900,TIER 3 / MILITARY
,SteakKnife,food,0.0900,TIER 1 & 2
,PNC_MoreMag_CMAG_30Rnd_Banana,other,0.0900,TIER 3 / MILITARY
,PNC_Mag_BarretM82A1_10Rnd,other,0.0900,TIER 4 / ALIEN
,PNC_Mag_Beowulf50_20Rnd,other,0.0900,TIER 3 / MILITARY
,PNC_Mag_HoneyBadger_30Rnd,other,0.0900,TIER 3 / MILITARY
,PNC_Mag_HoneyBadger_Coupled_60Rnd,other,0.0900,TIER 3 / MILITARY
,PNC_Mag_HoneyBadger_60Rnd,other,0.0900,TIER 3 / MILITARY
,PNC_Mag_SuperSniper_20Rnd,other,0.0900,TIER 4 / ALIEN
,PNC_Mag_VR80_5Rnd,other,0.0900,TIER 3 / MILITARY
,PNC_Mag_VR80_10Rnd,other,0.0900,TIER 3 / MILITARY
,SmallGasCanister,food,0.0940,TIER 1 & 2
,HandsCover_Improvised,other,0.1000,TIER 3 / MILITARY
,LeafCrown_Spring,other,0.1000,TIER 3 / MILITARY
,LeafCrown_Summer,other,0.1000,TIER 3 / MILITARY
,LeafCrown_Autumn,other,0.1000,TIER 3 / MILITARY
,LeafCrown_Winter,other,0.1000,TIER 3 / MILITARY
,SmallGuts,other,0.1000,TIER 3 / MILITARY
,Guts,other,0.1000,TIER 3 / MILITARY
,RabbitLegMeat,other,0.1000,TIER 3 / MILITARY
,DisinfectantAlcohol,other,0.1000,TIER 3 / MILITARY
,VitaminBottle,medic,0.1000,TIER 3 / MILITARY
,IodineTincture,other,0.1000,TIER 3 / MILITARY
,StartKitIV,other,0.1000,TIER 3 / MILITARY
,AK_Suppressor,other,0.1000,TIER 3 / MILITARY
,Psix_Nutrivital,other,0.1000,TIER 3 / MILITARY
,Psix_VitaminXanax,other,0.1000,TIER 3 / MILITARY
,Psix_Vitamin_ACID,other,0.1000,TIER 3 / MILITARY
,Psix_Vitamin_Adderall,other,0.1000,TIER 3 / MILITARY
,Psix_Vitamin_Oxycodone,other,0.1000,TIER 3 / MILITARY
,Eyepatch,other,0.1000,TIER 3 / MILITARY
,Ragged_Eyepatch,other,0.1000,TIER 3 / MILITARY
,GiftWrapPaper,other,0.1000,TIER 3 / MILITARY
,DuctTape,other,0.1000,TIER 3 / MILITARY
,Spraycan_Black,food,0.1000,TIER 1 & 2
,Spraycan_Green,food,0.1000,TIER 1 & 2
,EasterEgg,other,0.1000,TIER 3 / MILITARY
,TacticalGoggles,other,0.1000,TIER 3 / MILITARY
,BaseballCap_Blue,other,0.1100,TIER 3 / MILITARY
,BaseballCap_Beige,other,0.1100,TIER 3 / MILITARY
,BaseballCap_Black,other,0.1100,TIER 3 / MILITARY
,BaseballCap_Olive,other,0.1100,TIER 3 / MILITARY
,BaseballCap_Pink,other,0.1100,TIER 3 / MILITARY
,BaseballCap_Red,other,0.1100,TIER 3 / MILITARY
,BaseballCap_Camo,other,0.1100,TIER 3 / MILITARY
,BaseballCap_CMMG_Black,other,0.1100,TIER 3 / MILITARY
,BaseballCap_CMMG_Pink,other,0.1100,TIER 3 / MILITARY
,ZmijovkaCap_Black,other,0.1100,TIER 3 / MILITARY
,ZmijovkaCap_Blue,other,0.1100,TIER 3 / MILITARY
,ZmijovkaCap_Brown,other,0.1100,TIER 3 / MILITARY
,ZmijovkaCap_Green,other,0.1100,TIER 3 / MILITARY
,ZmijovkaCap_Red,other,0.1100,TIER 3 / MILITARY
,ClearSyringe,other,0.1100,TIER 3 / MILITARY
,BloodSyringe,medic,0.1100,TIER 3 / MILITARY
,AmmoBox_12_7_55_20Rnd,other,0.1100,TIER 3 / MILITARY
,LeatherKnifeSheath,other,0.1100,TIER 3 / MILITARY
,NylonKnifeSheath,other,0.1100,TIER 3 / MILITARY
,OH_cap_back_black,other,0.1100,TIER 3 / MILITARY
,OH_cap_back_tan,other,0.1100,TIER 3 / MILITARY
,OH_cap_back_green,other,0.1100,TIER 3 / MILITARY
,OH_cap_back_Multicam,other,0.1100,TIER 3 / MILITARY
,OH_cap_back_UCP,other,0.1100,TIER 3 / MILITARY
,OH_cap_back_Woods,other,0.1100,TIER 3 / MILITARY
,OH_cap_forward_black,other,0.1100,TIER 3 / MILITARY
,OH_cap_forward_tan,other,0.1100,TIER 3 / MILITARY
,OH_cap_forward_green,other,0.1100,TIER 3 / MILITARY
,OH_cap_forward_Multicam,other,0.1100,TIER 3 / MILITARY
,OH_cap_forward_UCP,other,0.1100,TIER 3 / MILITARY
,OH_cap_forward_Woods,other,0.1100,TIER 3 / MILITARY
,Pajka,other,0.1150,TIER 3 / MILITARY
,Pate,other,0.1150,TIER 3 / MILITARY
,BrisketSpread,other,0.1150,TIER 3 / MILITARY
,TLRLight,other,0.1180,TIER 3 / MILITARY
,Bandana_RedPattern,other,0.1200,TIER 3 / MILITARY
,Bandana_BlackPattern,other,0.1200,TIER 3 / MILITARY
,Bandana_PolkaPattern,other,0.1200,TIER 3 / MILITARY
,Bandana_Greenpattern,other,0.1200,TIER 3 / MILITARY
,Bandana_CamoPattern,other,0.1200,TIER 3 / MILITARY
,Bandana_Blue,other,0.1200,TIER 3 / MILITARY
,Bandana_Pink,other,0.1200,TIER 3 / MILITARY
,Bandana_Yellow,other,0.1200,TIER 3 / MILITARY
,AmmoBox_50Beowolf_20Rnd,other,0.1200,TIER 3 / MILITARY
,ButaneCanister,food,0.1200,TIER 1 & 2
,PNC_Mag_KIVAARI_10Rnd,other,0.1200,TIER 3 / MILITARY
,SardinesCan,food,0.1250,TIER 1 & 2
,MediumGasCanister,food,0.1260,TIER 1 & 2
,Syringe,other,0.1300,TIER 3 / MILITARY
,BloodTestKit,other,0.1300,TIER 3 / MILITARY
,OrienteeringCompass,other,0.1300,TIER 3 / MILITARY
,OH_buff,other,0.1300,TIER 3 / MILITARY
,OH_balaclava_pixel,other,0.1300,TIER 3 / MILITARY
,OH_arafatka_tan,other,0.1300,TIER 3 / MILITARY
,OH_arafatka_green,other,0.1300,TIER 3 / MILITARY
,OH_face_balaklava_skull_1,other,0.1300,TIER 3 / MILITARY
,OH_face_balaklava_skull_2,other,0.1300,TIER 3 / MILITARY
,OH_face_balaklava_green,other,0.1300,TIER 3 / MILITARY
,OH_face_balaklava_black,other,0.1300,TIER 3 / MILITARY
,OH_face_balaklava_Flecktarn,other,0.1300,TIER 3 / MILITARY
,OH_face_balaklava_MC,other,0.1300,TIER 3 / MILITARY
,OH_face_balaklava_Tan,other,0.1300,TIER 3 / MILITARY
,OH_face_balaklava_WD,other,0.1300,TIER 3 / MILITARY
,OH_buff_black,other,0.1300,TIER 3 / MILITARY
,OH_buff_haki,other,0.1300,TIER 3 / MILITARY
,OH_buff_pixel,other,0.1300,TIER 3 / MILITARY
,OH_buff_german,other,0.1300,TIER 3 / MILITARY
,OH_buff_green,other,0.1300,TIER 3 / MILITARY
,PilotkaCap,other,0.1400,TIER 3 / MILITARY
,AmmoBox_408CheyTac_20Rnd,other,0.1400,TIER 4 / ALIEN
,BrassKnuckles_Dull,other,0.1420,TIER 3 / MILITARY
,MouthRag,other,0.1500,TIER 3 / MILITARY
,FaceCover_Improvised,other,0.1500,TIER 3 / MILITARY
,XmasLights,other,0.1500,TIER 3 / MILITARY
,Bitterlings,other,0.1500,TIER 3 / MILITARY
,Sardines,other,0.1500,TIER 3 / MILITARY
,FNP45_MRDSOptic,other,0.1500,TIER 3 / MILITARY
,AmmoBox_50BMG_20Rnd,other,0.1500,TIER 3 / MILITARY
,AmmoBox_50BMG_AP_20Rnd,other,0.1500,TIER 3 / MILITARY
,CanOpener,food,0.1500,TIER 1 & 2
,Heatpack,other,0.1500,TIER 3 / MILITARY
,Screwdriver,tools,0.1500,TIER 3 / MILITARY
,RemoteDetonatorReceiver,other,0.1500,TIER 3 / MILITARY
,RemoteDetonatorTrigger,other,0.1500,TIER 3 / MILITARY
,OH_OpsCore_Headphones_Tan,other,0.1500,TIER 3 / MILITARY
,OH_OpsCore_Headphones_Green,other,0.1500,TIER 3 / MILITARY
,OH_OpsCore_Headphones_Black,other,0.1500,TIER 3 / MILITARY
,OH_water_tap,food,0.1500,TIER 1 & 2
,OH_gerlyanda,other,0.1500,TIER 3 / MILITARY
,RadarCap_Black,other,0.1600,TIER 3 / MILITARY
,RadarCap_Blue,other,0.1600,TIER 3 / MILITARY
,RadarCap_Brown,other,0.1600,TIER 3 / MILITARY
,RadarCap_Green,other,0.1600,TIER 3 / MILITARY
,RadarCap_Red,other,0.1600,TIER 3 / MILITARY
,AK_PlasticHndgrd,other,0.1600,TIER 3 / MILITARY
,AmmoBox_65Creedmore_20Rnd,other,0.1600,TIER 3 / MILITARY
,BrassKnuckles_Shiny,other,0.1620,TIER 3 / MILITARY
,AmmoBox_762x39AP_20Rnd,other,0.1650,TIER 3 / MILITARY
,MetalWire,other,0.1700,TIER 3 / MILITARY
,PortableGasStove,other,0.1700,TIER 3 / MILITARY
,MessTin,other,0.1700,TIER 3 / MILITARY
,KitchenKnife,other,0.1700,TIER 3 / MILITARY
,FC_Gas_Stove,other,0.1700,TIER 3 / MILITARY
,OH_Portable_Gas_Stove_1,other,0.1700,TIER 3 / MILITARY
,OH_gas_coocking_stove_1,other,0.1700,TIER 3 / MILITARY
,OH_gas_coocking_stove_2,other,0.1700,TIER 3 / MILITARY
,FilteringBottle,other,0.1800,TIER 3 / MILITARY
,SparkPlug,other,0.1800,CONSTRUCTION & SPARE PARTS
,Compass,other,0.1900,TIER 3 / MILITARY
,Lockpick,other,0.1900,TIER 3 / MILITARY
,AmmoBox_308WinAP_20Rnd,other,0.1950,TIER 3 / MILITARY
,LargeGasCanister,food,0.1950,TIER 1 & 2
,HeadCover_Improvised,other,0.2000,TIER 3 / MILITARY
,Headtorch_Grey,other,0.2000,TIER 3 / MILITARY
,Headtorch_Black,other,0.2000,TIER 3 / MILITARY
,FeetCover_Improvised,other,0.2000,TIER 3 / MILITARY
,AntiPestsSpray,other,0.2000,TIER 3 / MILITARY
,GlowPlug,other,0.2000,TIER 3 / MILITARY
,AmmoBox_300AAC_20Rnd,other,0.2000,TIER 3 / MILITARY
,Gekoseasteregg,other,0.2000,TIER 3 / MILITARY
,Bone,other,0.2000,TIER 3 / MILITARY
,FangeKnife,other,0.2000,TIER 3 / MILITARY
,KOD_AK_Bttstck,other,0.2000,TIER 3 / MILITARY
,KitchenTimer,other,0.2000,TIER 3 / MILITARY
,Whetstone,other,0.2000,TIER 3 / MILITARY
,PNC_MoreMag_M4Drum_60Rnd,other,0.2000,TIER 3 / MILITARY
,PNC_ORIGIN_Mag,other,0.2000,TIER 3 / MILITARY
,HandDrillKit,other,0.2100,TIER 3 / MILITARY
,AmmoBox_300AAC_AP_20Rnd,other,0.2100,TIER 3 / MILITARY
,Flashlight,other,0.2100,TIER 3 / MILITARY
,Raycaster,other,0.2100,TIER 3 / MILITARY
,SewingKit,other,0.2100,TIER 3 / MILITARY
,Blowtorch,other,0.2100,TIER 3 / MILITARY
,SantasBeard,other,0.2200,TIER 3 / MILITARY
,CrookedNose,other,0.2200,TIER 3 / MILITARY
,Fabric,other,0.2200,TIER 3 / MILITARY
,WoodenStick,other,0.2200,TIER 3 / MILITARY
,MilitaryBeret_Red,other,0.2300,TIER 3 / MILITARY
,MilitaryBeret_UN,other,0.2300,TIER 3 / MILITARY
,MilitaryBeret_NZ,other,0.2300,TIER 3 / MILITARY
,MilitaryBeret_ChDKZ,other,0.2300,TIER 3 / MILITARY
,MilitaryBeret_CDF,other,0.2300,TIER 3 / MILITARY
,FlatCap_Black,other,0.2400,TIER 3 / MILITARY
,FlatCap_Blue,other,0.2400,TIER 3 / MILITARY
,FlatCap_Red,other,0.2400,TIER 3 / MILITARY
,FlatCap_Brown,other,0.2400,TIER 3 / MILITARY
,FlatCap_Grey,other,0.2400,TIER 3 / MILITARY
,FlatCap_BrownCheck,other,0.2400,TIER 3 / MILITARY
,FlatCap_GreyCheck,other,0.2400,TIER 3 / MILITARY
,FlatCap_BlackCheck,other,0.2400,TIER 3 / MILITARY
,Torch,other,0.2400,TIER 3 / MILITARY
,Pliers,tools,0.2400,TIER 3 / MILITARY
,Canteen,food,0.2500,TIER 1 & 2
,WaterPouch_Natural,food,0.2500,TIER 1 & 2
,Marmalade,other,0.2500,TIER 3 / MILITARY
,PersonalRadio,other,0.2500,TIER 3 / MILITARY
,ReflexOptic,other,0.2500,TIER 3 / MILITARY
,SportingOptic,other,0.2500,TIER 3 / MILITARY
,M4_PlasticHndgrd,other,0.2500,TIER 3 / MILITARY
,M4_PlasticHndgrd_Black,other,0.2500,TIER 3 / MILITARY
,M4_PlasticHndgrd_Green,other,0.2500,TIER 3 / MILITARY
,MP5_PlasticHndgrd,other,0.2500,TIER 3 / MILITARY
,MP5_RailHndgrd,other,0.2500,TIER 3 / MILITARY
,PNC_RPK16_Handguard_black,other,0.2500,TIER 3 / MILITARY
,PNC_RPK16_Handguard_Green,other,0.2500,TIER 3 / MILITARY
,PNC_RPK16_Handguard_Tan,other,0.2500,TIER 3 / MILITARY
,KukriKnife,other,0.2500,TIER 3 / MILITARY
,HayHook,other,0.2500,TIER 3 / MILITARY
,RemoteDetonator,other,0.2500,TIER 3 / MILITARY
,OH_plate_pah6B43_flora,other,0.2500,TIER 3 / MILITARY
,OH_plate_pah6B43_Digital_flora,other,0.2500,TIER 3 / MILITARY
,OH_plate_pah6B43_Digital_Desert,other,0.2500,TIER 3 / MILITARY
,OH_plate_pah6B43_Digital_flora_black,other,0.2500,TIER 3 / MILITARY
,OH_Canteen_black,food,0.2500,TIER 1 & 2
,OH_Canteen_green,food,0.2500,TIER 1 & 2
,OH_Canteen_tan,food,0.2500,TIER 1 & 2
,OH_plate_pah6B43_blue,other,0.2500,TIER 3 / MILITARY
,OH_plate_pah6B43_black,other,0.2500,TIER 3 / MILITARY
,OH_plate_pah6B43_scull,other,0.2500,TIER 3 / MILITARY
,OH_plate_pah6B43_vetka,other,0.2500,TIER 3 / MILITARY
,OH_plate_pah6B43_white,other,0.2500,TIER 3 / MILITARY
,PNC_Mag_AWM_5rnd,other,0.2500,TIER 4 / ALIEN
,PNC_Mag_AX50_2_5rnd,other,0.2500,TIER 4 / ALIEN
,PNC_Mag_CheyTacM300_7rnd,other,0.2500,TIER 4 / ALIEN
,PNC_Mag_ORSIST5000_5rnd,other,0.2500,TIER 3 / MILITARY
,PNC_Mag_PKP_200Rnd,other,0.2500,TIER 3 / MILITARY
,PNC_Mag_RemingtonMSR_5rnd,other,0.2500,TIER 3 / MILITARY
,TelescopicBaton,other,0.2520,TIER 3 / MILITARY
,PNC_HoneyBadger_Bttstck,other,0.2540,TIER 3 / MILITARY
,PNC_HoneyBadger_Bttstck_tan,other,0.2540,TIER 3 / MILITARY
,PNC_HoneyBadger_Bttstck_camo,other,0.2540,TIER 3 / MILITARY
,PNC_HoneyBadger_Bttstck_camo2,other,0.2540,TIER 3 / MILITARY
,PNC_HoneyBadger_Bttstck_kryp,other,0.2540,TIER 3 / MILITARY
,PNC_HoneyBadger_Bttstck_kitty,other,0.2540,TIER 3 / MILITARY
,StoneKnife,other,0.2600,TIER 3 / MILITARY
,TunaCan,food,0.2650,TIER 1 & 2
,DogFoodCan,food,0.2650,TIER 1 & 2
,CatFoodCan,food,0.2650,TIER 1 & 2
,PorkCan,food,0.2650,TIER 1 & 2
,Lunchmeat,other,0.2650,TIER 3 / MILITARY
,CrabCan,food,0.2650,TIER 1 & 2
,M68Optic,other,0.2650,TIER 3 / MILITARY
,M4_T3NRDSOptic,other,0.2650,TIER 3 / MILITARY
,PNC_RPK16_Handguard_VLTOR_black,other,0.2700,TIER 3 / MILITARY
,Rangefinder,other,0.2700,TIER 3 / MILITARY
,FenceKit,other,0.2800,TIER 3 / MILITARY
,WatchtowerKit,other,0.2800,TIER 3 / MILITARY
,ShelterKit,other,0.2800,TIER 3 / MILITARY
,TerritoryFlagKit,other,0.2800,TIER 3 / MILITARY
,Rope,other,0.2800,TIER 3 / MILITARY
,rm_FenceKit,other,0.2800,TIER 3 / MILITARY
,WinterCoif_Black,other,0.3000,TIER 3 / MILITARY
,WinterCoif_Blue,other,0.3000,TIER 3 / MILITARY
,WinterCoif_Green,other,0.3000,TIER 3 / MILITARY
,WinterCoif_Skull,other,0.3000,TIER 3 / MILITARY
,ChristmasHeadband_Antlers,other,0.3000,TIER 3 / MILITARY
,ChristmasHeadband_Gingerbread,other,0.3000,TIER 3 / MILITARY
,ChristmasHeadband_Trees,other,0.3000,TIER 3 / MILITARY
,ChristmasHeadband_Lights_Antlers,other,0.3000,TIER 3 / MILITARY
,ChristmasHeadband_Lights_Gingerbread,other,0.3000,TIER 3 / MILITARY
,ChristmasHeadband_Lights_Trees,other,0.3000,TIER 3 / MILITARY
,Balaclava3Holes_Beige,other,0.3000,TIER 3 / MILITARY
,Balaclava3Holes_Blue,other,0.3000,TIER 3 / MILITARY
,Balaclava3Holes_Black,other,0.3000,TIER 3 / MILITARY
,Balaclava3Holes_Green,other,0.3000,TIER 3 / MILITARY
,Balaclava3Holes_White,other,0.3000,TIER 3 / MILITARY
,JoggingShoes_Black,other,0.3000,TIER 3 / MILITARY
,JoggingShoes_Blue,other,0.3000,TIER 3 / MILITARY
,JoggingShoes_Red,other,0.3000,TIER 3 / MILITARY
,JoggingShoes_Violet,other,0.3000,TIER 3 / MILITARY
,JoggingShoes_White,other,0.3000,TIER 3 / MILITARY
,RedCaviar,other,0.3000,TIER 3 / MILITARY
,Carp,other,0.3000,TIER 3 / MILITARY
,Mackerel,other,0.3000,TIER 3 / MILITARY
,RDG2SmokeGrenade_Black,other,0.3000,TIER 3 / MILITARY
,RDG2SmokeGrenade_White,other,0.3000,TIER 3 / MILITARY
,FlashGrenade,other,0.3000,TIER 3 / MILITARY
,KOD_AK_PolymerHndgrd_Black,other,0.3000,TIER 3 / MILITARY
,KOD_AK_PolymerHndgrd_FDE,other,0.3000,TIER 3 / MILITARY
,Golden_Winged_Pin,other,0.3000,TIER 3 / MILITARY
,Sheriff_Badge,other,0.3000,TIER 3 / MILITARY
,GardenLime,other,0.3000,TIER 3 / MILITARY
,PNC_MoreMag_M4Drum_100Rnd,other,0.3000,TIER 3 / MILITARY
,PNC_Mag_ASh127_20Rnd,other,0.3000,TIER 3 / MILITARY
,PNC_Mag_DVL_10rnd,other,0.3000,TIER 3 / MILITARY
,CombatKnife,other,0.3120,TIER 3 / MILITARY
,Ushanka_Black,other,0.3200,TIER 3 / MILITARY
,Ushanka_Blue,other,0.3200,TIER 3 / MILITARY
,Ushanka_Green,other,0.3200,TIER 3 / MILITARY
,AthleticShoes_Blue,other,0.3300,TIER 3 / MILITARY
,AthleticShoes_Black,other,0.3300,TIER 3 / MILITARY
,AthleticShoes_Brown,other,0.3300,TIER 3 / MILITARY
,AthleticShoes_Green,other,0.3300,TIER 3 / MILITARY
,AthleticShoes_Grey,other,0.3300,TIER 3 / MILITARY
,M4_MPBttstck,other,0.3300,TIER 3 / MILITARY
,M4_MPBttstck_Black,other,0.3300,TIER 3 / MILITARY
,M4_MPBttstck_Green,other,0.3300,TIER 3 / MILITARY
,Fruck_CyborgNinja_shoes,other,0.3300,TIER 3 / MILITARY
,Fruck_CyborgNinja_invisible_shoes,other,0.3300,TIER 3 / MILITARY
,PortableGasLamp,other,0.3300,TIER 3 / MILITARY
,OH_nike_red,other,0.3300,TIER 3 / MILITARY
,OH_nike_green,other,0.3300,TIER 3 / MILITARY
,OH_nike_yellow,other,0.3300,TIER 3 / MILITARY
,OH_nike_blue,other,0.3300,TIER 3 / MILITARY
,OH_nike_Kabak_blue,other,0.3300,TIER 3 / MILITARY
,OH_nike_kabak_green,other,0.3300,TIER 3 / MILITARY
,OH_nike_Kabak_red,other,0.3300,TIER 3 / MILITARY
,OH_Invis_AthleticShoes,other,0.3300,TIER 3 / MILITARY
,Wrench,tools,0.3400,TIER 3 / MILITARY
,PNC_MoreMag_FAL_20RndCoupledClamp,other,0.3400,TIER 3 / MILITARY
,SnowstormUshanka_Brown,other,0.3500,TIER 3 / MILITARY
,SnowstormUshanka_Navy,other,0.3500,TIER 3 / MILITARY
,SnowstormUshanka_Olive,other,0.3500,TIER 3 / MILITARY
,SnowstormUshanka_White,other,0.3500,TIER 3 / MILITARY
,CombinationLock,other,0.3500,TIER 3 / MILITARY
,CombinationLock4,other,0.3500,TIER 3 / MILITARY
,GPSReceiver,other,0.3500,TIER 3 / MILITARY
,M4_CarryHandleOptic,other,0.3500,TIER 3 / MILITARY
,M4_MPHndgrd,other,0.3500,TIER 3 / MILITARY
,M4_MPHndgrd_Black,other,0.3500,TIER 3 / MILITARY
,M4_MPHndgrd_Green,other,0.3500,TIER 3 / MILITARY
,M249_Hndgrd,other,0.3500,TIER 3 / MILITARY
,RGD5Grenade,other,0.3500,TIER 3 / MILITARY
,CodeLock,other,0.3500,TIER 3 / MILITARY
,MeatTenderizer,other,0.3500,TIER 3 / MILITARY
,Sickle,other,0.3500,TIER 3 / MILITARY
,OH_OpsCore_Visor_Black,other,0.3500,TIER 3 / MILITARY
,OH_OpsCore_Visor_Green,other,0.3500,TIER 3 / MILITARY
,OH_OpsCore_Visor_Tan,other,0.3500,TIER 3 / MILITARY
,OH_OpsCore_Earshield_Tan,other,0.3500,TIER 3 / MILITARY
,OH_OpsCore_Earshield_Green,other,0.3500,TIER 3 / MILITARY
,OH_OpsCore_Earshielde_Black,other,0.3500,TIER 3 / MILITARY
,OH_OpsCore_Mandible_Tan,other,0.3500,TIER 3 / MILITARY
,OH_OpsCore_Mandible_Green,other,0.3500,TIER 3 / MILITARY
,OH_OpsCore_Mandible_Black,other,0.3500,TIER 3 / MILITARY
,Derringer_Black,other,0.3500,TIER 3 / MILITARY
,Derringer_Pink,other,0.3500,TIER 3 / MILITARY
,Derringer_Grey,other,0.3500,TIER 3 / MILITARY
,M4_OEBttstck,other,0.3540,TIER 3 / MILITARY
,M4_OEBttstck_Black,other,0.3540,TIER 3 / MILITARY
,M4_OEBttstck_Green,other,0.3540,TIER 3 / MILITARY
,PNC_AR15_Bttstck,other,0.3540,TIER 3 / MILITARY
,PNC_Origin_sopmodBttstck,other,0.3540,TIER 3 / MILITARY
,PNC_Origin_Bttstck,other,0.3540,TIER 3 / MILITARY
,AK_PlasticBttstck,other,0.3630,TIER 3 / MILITARY
,AK_PlasticBttstck_Black,other,0.3630,TIER 3 / MILITARY
,AK_PlasticBttstck_Green,other,0.3630,TIER 3 / MILITARY
,AtlasBipod,other,0.3760,TIER 3 / MILITARY
,blue_key,other,0.3800,TIER 3 / MILITARY
,key_nano,other,0.3800,TIER 3 / MILITARY
,red_key,other,0.3800,TIER 3 / MILITARY
,yellow_key,other,0.3800,TIER 3 / MILITARY
,LeatherShoes_Black,other,0.3800,TIER 3 / MILITARY
,LeatherShoes_Natural,other,0.3800,TIER 3 / MILITARY
,LeatherShoes_Brown,other,0.3800,TIER 3 / MILITARY
,LeatherShoes_Beige,other,0.3800,TIER 3 / MILITARY
,Handcuffs,other,0.3800,TIER 3 / MILITARY
,HandcuffsLocked,other,0.3800,TIER 3 / MILITARY
,Headdress_Fox,other,0.4000,TIER 3 / MILITARY
,BarbedWire,other,0.4000,TIER 3 / MILITARY
,CamoNet,other,0.4000,TIER 3 / MILITARY
,RabbitSnareTrap,other,0.4000,TIER 3 / MILITARY
,Red9Bttstck,other,0.4000,TIER 3 / MILITARY
,M249_RisHndgrd,other,0.4000,TIER 3 / MILITARY
,M67Grenade,other,0.4000,TIER 3 / MILITARY
,Plastic_Explosive,other,0.4000,TIER 3 / MILITARY
,Plastic_Explosive_Placing,other,0.4000,TIER 3 / MILITARY
,KOD_SA58_Bttstck,other,0.4000,TIER 3 / MILITARY
,PNC_AR15_Bttstck_2,other,0.4000,TIER 3 / MILITARY
,PNC_AR15_Bttstck_2_camo,other,0.4000,TIER 3 / MILITARY
,PNC_AR15_Bttstck_2_hive,other,0.4000,TIER 3 / MILITARY
,PNC_AR15_Bttstck_2_kryp,other,0.4000,TIER 3 / MILITARY
,CamoNetWinter,other,0.4000,TIER 3 / MILITARY
,CamoNetCivil,other,0.4000,TIER 3 / MILITARY
,CamoNetDesert,other,0.4000,TIER 3 / MILITARY
,Netting,other,0.4000,TIER 3 / MILITARY
,PNC_ORIGIN_Drum_Mag,other,0.4000,TIER 3 / MILITARY
,PNC_MoreMag_FAL_50Rnd,other,0.4000,TIER 3 / MILITARY
,PNC_Mag_AX50_7rnd,other,0.4000,TIER 4 / ALIEN
,OH_CombinationLockCustom,other,0.4100,TIER 3 / MILITARY
,OH_CombinationLockCustom4,other,0.4100,TIER 3 / MILITARY
,penisknife,other,0.4260,TIER 3 / MILITARY
,AK_RailHndgrd,other,0.4300,TIER 3 / MILITARY
,AK_RailHndgrd_Black,other,0.4300,TIER 3 / MILITARY
,AK_RailHndgrd_Green,other,0.4300,TIER 3 / MILITARY
,BakedBeansCan,food,0.4400,TIER 1 & 2
,PeachesCan,food,0.4400,TIER 1 & 2
,TacticalBaconCan,food,0.4400,TIER 1 & 2
,SpaghettiCan,food,0.4400,TIER 1 & 2
,UnknownFoodCan,food,0.4400,TIER 1 & 2
,ACOGOptic,other,0.4400,TIER 3 / MILITARY
,Psix_Food_Tyshenka1,other,0.4400,TIER 3 / MILITARY
,Psix_Food_Tyshenka2,other,0.4400,TIER 3 / MILITARY
,Psix_Food_Tyshenka3,other,0.4400,TIER 3 / MILITARY
,Psix_Food_Tyshenka4,other,0.4400,TIER 3 / MILITARY
,Psix_Food_Tyshenka5,other,0.4400,TIER 3 / MILITARY
,Psix_Food_Tyshenka6,other,0.4400,TIER 3 / MILITARY
,Psix_Food_Goroshek,other,0.4400,TIER 3 / MILITARY
,Psix_Food_Kykyryza,other,0.4400,TIER 3 / MILITARY
,OKZKCap_Beige,other,0.4500,TIER 3 / MILITARY
,OKZKCap_Green,other,0.4500,TIER 3 / MILITARY
,M9A1_Bayonet,other,0.4500,TIER 3 / MILITARY
,M4_CQBBttstck,other,0.4500,TIER 3 / MILITARY
,M4_CQBBttstck_Black,other,0.4500,TIER 3 / MILITARY
,M4_CQBBttstck_Green,other,0.4500,TIER 3 / MILITARY
,MP5k_StockBttstck,other,0.4500,TIER 3 / MILITARY
,Broom,other,0.4500,TIER 3 / MILITARY
,AK_Bayonet,other,0.4700,TIER 3 / MILITARY
,M4_RISHndgrd,other,0.4700,TIER 3 / MILITARY
,M4_RISHndgrd_Black,other,0.4700,TIER 3 / MILITARY
,M4_RISHndgrd_Green,other,0.4700,TIER 3 / MILITARY
,LongTorch,other,0.5000,TIER 3 / MILITARY
,Torch_Video,other,0.5000,TIER 3 / MILITARY
,SpearBone,food,0.5000,TIER 1 & 2
,SpearStone,food,0.5000,TIER 1 & 2
,BrakeFluid,other,0.5000,TIER 3 / MILITARY
,GhillieAtt_Tan,other,0.5000,TIER 3 / MILITARY
,GhillieAtt_Woodland,other,0.5000,TIER 3 / MILITARY
,GhillieAtt_Mossy,other,0.5000,TIER 3 / MILITARY
,GhillieAtt_Winter,other,0.5000,TIER 3 / MILITARY
,M18SmokeGrenade_Red,other,0.5000,TIER 3 / MILITARY
,M18SmokeGrenade_Red_Contaminated,other,0.5000,TIER 3 / MILITARY
,M18SmokeGrenade_Green,other,0.5000,TIER 3 / MILITARY
,M18SmokeGrenade_Yellow,other,0.5000,TIER 3 / MILITARY
,M18SmokeGrenade_Purple,other,0.5000,TIER 3 / MILITARY
,M18SmokeGrenade_White,other,0.5000,TIER 3 / MILITARY
,Grenade_ChemGas,other,0.5000,TIER 3 / MILITARY
,SmallStone,other,0.5000,TIER 3 / MILITARY
,TannedLeather,other,0.5000,TIER 3 / MILITARY
,Cleaver,other,0.5000,TIER 3 / MILITARY
,Machete,other,0.5000,TIER 3 / MILITARY
,CrudeMachete,other,0.5000,TIER 3 / MILITARY
,OrientalMachete,other,0.5000,TIER 3 / MILITARY
,PNC_RPK16_Drum,other,0.5000,TIER 3 / MILITARY
,BurlapSackCover,other,0.5100,TIER 3 / MILITARY
,BurlapSack,other,0.5100,TIER 3 / MILITARY
,ObsoleteFishingRod,other,0.5100,TIER 3 / MILITARY
,Ballerinas_Blue,other,0.5200,TIER 3 / MILITARY
,Ballerinas_Red,other,0.5200,TIER 3 / MILITARY
,Ballerinas_White,other,0.5200,TIER 3 / MILITARY
,Ballerinas_Yellow,other,0.5200,TIER 3 / MILITARY
,AK_WoodBttstck,other,0.5300,TIER 3 / MILITARY
,AK_WoodBttstck_Black,other,0.5300,TIER 3 / MILITARY
,AK_WoodBttstck_Camo,other,0.5300,TIER 3 / MILITARY
,Splint_Applied,other,0.5400,TIER 3 / MILITARY
,Splint,other,0.5400,TIER 3 / MILITARY
,AK_WoodHndgrd,other,0.5500,TIER 3 / MILITARY
,AK_WoodHndgrd_Black,other,0.5500,TIER 3 / MILITARY
,AK_WoodHndgrd_Camo,other,0.5500,TIER 3 / MILITARY
,Shemagh_Brown,other,0.5500,TIER 3 / MILITARY
,Shemagh_Bandit_Brown,other,0.5500,TIER 3 / MILITARY
,Shemagh_Green,other,0.5500,TIER 3 / MILITARY
,Shemagh_Bandit_Green,other,0.5500,TIER 3 / MILITARY
,Shemagh_Black,other,0.5500,TIER 3 / MILITARY
,Shemagh_Bandit_Black,other,0.5500,TIER 3 / MILITARY
,Shemagh_White,other,0.5500,TIER 3 / MILITARY
,Shemagh_Bandit_White,other,0.5500,TIER 3 / MILITARY
,Shemagh_Red,other,0.5500,TIER 3 / MILITARY
,Shemagh_Bandit_Red,other,0.5500,TIER 3 / MILITARY
,Iceaxe,tools,0.5500,CONSTRUCTION & SPARE PARTS
,PVCBow,other,0.5500,TIER 3 / MILITARY
,RecurveBow,other,0.5500,TIER 3 / MILITARY
,BaseballBat,other,0.5660,TIER 3 / MILITARY
,XmasBaseballBat,other,0.5660,TIER 3 / MILITARY
,FishNetTrap,other,0.5700,TIER 3 / MILITARY
,TripwireTrap,other,0.6000,TIER 3 / MILITARY
,MK4Optic_Tan,other,0.6000,TIER 3 / MILITARY
,MK4Optic_Green,other,0.6000,TIER 3 / MILITARY
,MK4Optic_Black,other,0.6000,TIER 3 / MILITARY
,PSO1Optic,other,0.6000,TIER 3 / MILITARY
,PSO11Optic,other,0.6000,TIER 3 / MILITARY
,NailedBaseballBat,other,0.6000,TIER 3 / MILITARY
,BarbedBaseballBat,other,0.6000,TIER 3 / MILITARY
,BUISOptic,other,0.6440,TIER 3 / MILITARY
,PSO6Optic,other,0.6500,TIER 3 / MILITARY
,HockeyStick,other,0.6500,TIER 3 / MILITARY
,NewHockeyStick,other,0.6500,TIER 3 / MILITARY
,Tripod,other,0.6600,TIER 3 / MILITARY
,CookingStand,other,0.6600,TIER 3 / MILITARY
,LongWoodenStick,other,0.6700,TIER 3 / MILITARY
,SharpWoodenStick,other,0.6700,TIER 3 / MILITARY
,Broom_Birch,other,0.6700,TIER 3 / MILITARY
,Wellies_Black,other,0.7000,TIER 3 / MILITARY
,Wellies_Brown,other,0.7000,TIER 3 / MILITARY
,Wellies_Green,other,0.7000,TIER 3 / MILITARY
,Wellies_Grey,other,0.7000,TIER 3 / MILITARY
,LongrangeOptic,other,0.7000,TIER 3 / MILITARY
,PistolOptic,other,0.7000,TIER 3 / MILITARY
,GhillieBushrag_Tan,other,0.7000,TIER 3 / MILITARY
,GhillieBushrag_Woodland,other,0.7000,TIER 3 / MILITARY
,GhillieBushrag_Mossy,other,0.7000,TIER 3 / MILITARY
,GhillieBushrag_Winter,other,0.7000,TIER 3 / MILITARY
,RabbitPelt,other,0.7000,TIER 3 / MILITARY
,PNC_MoreMag_VAL_20RndCoupledClamp,other,0.7000,TIER 3 / MILITARY
,AK_FoldingBttstck,other,0.7200,TIER 3 / MILITARY
,AK_FoldingBttstck_Black,other,0.7200,TIER 3 / MILITARY
,AK_FoldingBttstck_Green,other,0.7200,TIER 3 / MILITARY
,Saiga_Bttstck,other,0.7200,TIER 3 / MILITARY
,PP19_Bttstck,other,0.7200,TIER 3 / MILITARY
,PNC_RPK16_butt,other,0.7300,TIER 3 / MILITARY
,DressShoes_Beige,other,0.7800,TIER 3 / MILITARY
,DressShoes_Black,other,0.7800,TIER 3 / MILITARY
,DressShoes_Brown,other,0.7800,TIER 3 / MILITARY
,DressShoes_Sunburst,other,0.7800,TIER 3 / MILITARY
,DressShoes_White,other,0.7800,TIER 3 / MILITARY
,Sneakers_Black,other,0.7800,TIER 3 / MILITARY
,Sneakers_Gray,other,0.7800,TIER 3 / MILITARY
,Sneakers_Green,other,0.7800,TIER 3 / MILITARY
,Sneakers_Red,other,0.7800,TIER 3 / MILITARY
,Sneakers_White,other,0.7800,TIER 3 / MILITARY
,WeaponCleaningKit,other,0.7800,TIER 3 / MILITARY
,PUScopeOptic,other,0.8000,TIER 3 / MILITARY
,KashtanOptic,other,0.8000,TIER 3 / MILITARY
,KobraOptic,other,0.8000,TIER 3 / MILITARY
,GhillieTop_Tan,other,0.8000,TIER 3 / MILITARY
,GhillieTop_Woodland,other,0.8000,TIER 3 / MILITARY
,GhillieTop_Mossy,other,0.8000,TIER 3 / MILITARY
,GhillieTop_Winter,other,0.8000,TIER 3 / MILITARY
,StunBaton,other,0.8000,TIER 3 / MILITARY
,HandSaw,tools,0.8000,TIER 3 / MILITARY
,Hacksaw,tools,0.8000,TIER 3 / MILITARY
,Paddle,other,0.8000,TIER 3 / MILITARY
,SK8_Sneakers_Black,other,0.8500,TIER 3 / MILITARY
,SK8_Sneakers_FullBlack,other,0.8500,TIER 3 / MILITARY
,SK8_Sneakers_Blue,other,0.8500,TIER 3 / MILITARY
,FlipFlops_Colorbase,other,0.9000,TIER 3 / MILITARY
,FishingRod,other,0.9100,TIER 3 / MILITARY
,Hammer,tools,0.9400,CONSTRUCTION & SPARE PARTS
,ImprovisedFishingRod,other,0.9500,TIER 3 / MILITARY
,QuickieBow,other,0.9500,TIER 3 / MILITARY
,DartGun,other,0.9500,TIER 3 / MILITARY
,FNX45,other,0.9500,TIER 3 / MILITARY
,FNX45_arrow,other,0.9500,TIER 3 / MILITARY
,Red9,other,0.9600,TIER 3 / MILITARY
,FC_Vehicle_Case_Paint,other,0.9800,TIER 3 / MILITARY
,TestObject,other,1.0000,TIER 3 / MILITARY
,Head,other,1.0000,TIER 3 / MILITARY
,Head_Default,other,1.0000,TIER 3 / MILITARY
,FemaleFridaHead,other,1.0000,TIER 3 / MILITARY
,FemaleGabiHead,other,1.0000,TIER 3 / MILITARY
,FemaleHelgaHead,other,1.0000,TIER 3 / MILITARY
,FemaleIrenaHead,other,1.0000,TIER 3 / MILITARY
,FemaleJudyHead,other,1.0000,TIER 3 / MILITARY
,FemaleKeikoHead,other,1.0000,TIER 3 / MILITARY
,FemaleLindaHead,other,1.0000,TIER 3 / MILITARY
,FemaleMariaHead,other,1.0000,TIER 3 / MILITARY
,FemaleNaomiHead,other,1.0000,TIER 3 / MILITARY
,FemaleEvaHead,other,1.0000,TIER 3 / MILITARY
,FemaleBatyHead,other,1.0000,TIER 3 / MILITARY
,MaleAdamHead,other,1.0000,TIER 3 / MILITARY
,MaleBorisHead,other,1.0000,TIER 3 / MILITARY
,MaleCyrilHead,other,1.0000,TIER 3 / MILITARY
,MaleDenisHead,other,1.0000,TIER 3 / MILITARY
,MaleEliasHead,other,1.0000,TIER 3 / MILITARY
,MaleFrancisHead,other,1.0000,TIER 3 / MILITARY
,MaleGuoHead,other,1.0000,TIER 3 / MILITARY
,MaleHassanHead,other,1.0000,TIER 3 / MILITARY
,MaleIndarHead,other,1.0000,TIER 3 / MILITARY
,MaleJoseHead,other,1.0000,TIER 3 / MILITARY
,MaleKaitoHead,other,1.0000,TIER 3 / MILITARY
,MaleLewisHead,other,1.0000,TIER 3 / MILITARY
,MaleManuaHead,other,1.0000,TIER 3 / MILITARY
,MaleNikiHead,other,1.0000,TIER 3 / MILITARY
,MaleOliverHead,other,1.0000,TIER 3 / MILITARY
,MalePeterHead,other,1.0000,TIER 3 / MILITARY
,MaleQuinnHead,other,1.0000,TIER 3 / MILITARY
,MaleRolfHead,other,1.0000,TIER 3 / MILITARY
,MaleSethHead,other,1.0000,TIER 3 / MILITARY
,MaleTaikiHead,other,1.0000,TIER 3 / MILITARY
,MaleAdamHead_BeardStart,other,1.0000,TIER 3 / MILITARY
,MaleAdamHead_BeardEnd,other,1.0000,TIER 3 / MILITARY
,BookBible,other,1.0000,TIER 3 / MILITARY
,BookTheWarOfTheWorlds,other,1.0000,TIER 3 / MILITARY
,BookAroundTheWorldIn80Days,other,1.0000,TIER 3 / MILITARY
,BookCrimeAndPunishment,other,1.0000,TIER 3 / MILITARY
,BookTheMetamorphosis,other,1.0000,TIER 3 / MILITARY
,BookTheRaven,other,1.0000,TIER 3 / MILITARY
,BookTheArtOfWar,other,1.0000,TIER 3 / MILITARY
,BookRobinsonCrusoe,other,1.0000,TIER 3 / MILITARY
,BookRussian,other,1.0000,TIER 3 / MILITARY
,BookRussianCheatSheet,other,1.0000,TIER 3 / MILITARY
,BookThePictureOfDorianGray,other,1.0000,TIER 3 / MILITARY
,BookThePitAndThePendulum,other,1.0000,TIER 3 / MILITARY
,BookTheTimeMachine,other,1.0000,TIER 3 / MILITARY
,BookTheCountryOfTheBlind,other,1.0000,TIER 3 / MILITARY
,BookBilaNemoc,other,1.0000,TIER 3 / MILITARY
,BookYouth,other,1.0000,TIER 3 / MILITARY
,BookVerwandlung,other,1.0000,TIER 3 / MILITARY
,BookTheJungleBook,other,1.0000,TIER 3 / MILITARY
,BookTheBrothersKaramazov,other,1.0000,TIER 3 / MILITARY
,BookTheCallOfCthulhu,other,1.0000,TIER 3 / MILITARY
,BookTheShunnedHouse,other,1.0000,TIER 3 / MILITARY
,BookTheHoundOfTheBaskervilles,other,1.0000,TIER 3 / MILITARY
,BookAndersen,other,1.0000,TIER 3 / MILITARY
,BookTonyAndTheBeetles,other,1.0000,TIER 3 / MILITARY
,BookTheCosmicComputer,other,1.0000,TIER 3 / MILITARY
,BookATravelerInTime,other,1.0000,TIER 3 / MILITARY
,BookTheVariableMan,other,1.0000,TIER 3 / MILITARY
,BookTheOutlet,other,1.0000,TIER 3 / MILITARY
,BookTheBarrier,other,1.0000,TIER 3 / MILITARY
,BookTheDesertOfWheat,other,1.0000,TIER 3 / MILITARY
,BookFlyingURanch,other,1.0000,TIER 3 / MILITARY
,BookCassidysRustlerRoundUp,other,1.0000,TIER 3 / MILITARY
,BookLonesomeLand,other,1.0000,TIER 3 / MILITARY
,BookTrailin,other,1.0000,TIER 3 / MILITARY
,BookRonickyDoone,other,1.0000,TIER 3 / MILITARY
,BookBettyZane,other,1.0000,TIER 3 / MILITARY
,BookATexasMatchmaker,other,1.0000,TIER 3 / MILITARY
,BookTheThunderBird,other,1.0000,TIER 3 / MILITARY
,BookBlackJack,other,1.0000,TIER 3 / MILITARY
,BookTheLastTrail,other,1.0000,TIER 3 / MILITARY
,BookSelectedStories,other,1.0000,TIER 3 / MILITARY
,BookTheHeritageOfTheSioux,other,1.0000,TIER 3 / MILITARY
,BookDesertGold,other,1.0000,TIER 3 / MILITARY
,BookTheHiddenChildren,other,1.0000,TIER 3 / MILITARY
,BookTheLastOfThePlainsmen,other,1.0000,TIER 3 / MILITARY
,BookGunmansReckoning,other,1.0000,TIER 3 / MILITARY
,BookSkyrider,other,1.0000,TIER 3 / MILITARY
,BookSpinifexAndSand,other,1.0000,TIER 3 / MILITARY
,BookSunsetPass,other,1.0000,TIER 3 / MILITARY
,BookTheCaveOfGold,other,1.0000,TIER 3 / MILITARY
,BookTheDayOfTheBeast,other,1.0000,TIER 3 / MILITARY
,BookTheQuirt,other,1.0000,TIER 3 / MILITARY
,BookAVoyageToArcturus,other,1.0000,TIER 3 / MILITARY
,BookWealthOfNations,other,1.0000,TIER 3 / MILITARY
,BookAndersensFairyTales,other,1.0000,TIER 3 / MILITARY
,BookBlackBeauty,other,1.0000,TIER 3 / MILITARY
,BookBuddenbrooks,other,1.0000,TIER 3 / MILITARY
,BookDeadSouls,other,1.0000,TIER 3 / MILITARY
,BookErewhon,other,1.0000,TIER 3 / MILITARY
,BookFatherGoriot,other,1.0000,TIER 3 / MILITARY
,BookGreatExpectations,other,1.0000,TIER 3 / MILITARY
,BookGulliversTravels,other,1.0000,TIER 3 / MILITARY
,BookHeartOfDarkness,other,1.0000,TIER 3 / MILITARY
,BookHerland,other,1.0000,TIER 3 / MILITARY
,BookIvanhoe,other,1.0000,TIER 3 / MILITARY
,BookKidnapped,other,1.0000,TIER 3 / MILITARY
,BookLaChartreuseDeParme,other,1.0000,TIER 3 / MILITARY
,BookLordJim,other,1.0000,TIER 3 / MILITARY
,BookMadameBovary,other,1.0000,TIER 3 / MILITARY
,BookNostromo,other,1.0000,TIER 3 / MILITARY
,BookNaturalSelection,other,1.0000,TIER 3 / MILITARY
,BookTheMetamorphosesOfOvid,other,1.0000,TIER 3 / MILITARY
,BookMobyDick,other,1.0000,TIER 3 / MILITARY
,BookKingLear,other,1.0000,TIER 3 / MILITARY
,BookLaDbcle,other,1.0000,TIER 3 / MILITARY
,BookTheCanterburyTales,food,1.0000,TIER 1 & 2
,BookTheRightsOfWoman,other,1.0000,TIER 3 / MILITARY
,BookToTheInteriorOfTheEarth,other,1.0000,TIER 3 / MILITARY
,BookNjalsSaga,other,1.0000,TIER 3 / MILITARY
,BookTheTrial,other,1.0000,TIER 3 / MILITARY
,BookDonQuixote,other,1.0000,TIER 3 / MILITARY
,BookPhilosophiaeNaturalis,other,1.0000,TIER 3 / MILITARY
,BookPrideAndPrejudice,other,1.0000,TIER 3 / MILITARY
,BookRasselas,other,1.0000,TIER 3 / MILITARY
,BookShe,other,1.0000,TIER 3 / MILITARY
,BookSonsAndLovers,other,1.0000,TIER 3 / MILITARY
,BookTheCallOfTheWild,other,1.0000,TIER 3 / MILITARY
,BookTheComingRace,other,1.0000,TIER 3 / MILITARY
,BookRobinsonCrusoeAdventures,other,1.0000,TIER 3 / MILITARY
,BookTheIslandOfDoctorMoreau,other,1.0000,TIER 3 / MILITARY
,BookTheMahabharataOfKrishna,other,1.0000,TIER 3 / MILITARY
,BookTheManWhoWasThursday,other,1.0000,TIER 3 / MILITARY
,BookThePossessed,other,1.0000,TIER 3 / MILITARY
,BookThePrisonerOfZenda,other,1.0000,TIER 3 / MILITARY
,BookAPrincessOfMars,other,1.0000,TIER 3 / MILITARY
,BookKingSolomonsMines,other,1.0000,TIER 3 / MILITARY
,BookMiddlemarch,other,1.0000,TIER 3 / MILITARY
,BookTheHouseOfTheSevenGables,other,1.0000,TIER 3 / MILITARY
,BookTheMonkARomance,other,1.0000,TIER 3 / MILITARY
,BookTheJustifiedSinner,other,1.0000,TIER 3 / MILITARY
,BookTheRedBadgeOfCourage,other,1.0000,TIER 3 / MILITARY
,BookADollsHouse,other,1.0000,TIER 3 / MILITARY
,BookAfterLondon,other,1.0000,TIER 3 / MILITARY
,BookGilgameshEpic,other,1.0000,TIER 3 / MILITARY
,BookAnnaKarenina,other,1.0000,TIER 3 / MILITARY
,BookCandide,food,1.0000,TIER 1 & 2
,BookFaust,other,1.0000,TIER 3 / MILITARY
,BookHinduLiterature,other,1.0000,TIER 3 / MILITARY
,BookHunger,other,1.0000,TIER 3 / MILITARY
,BookJapaneseLiterature,other,1.0000,TIER 3 / MILITARY
,BookLeRougeEtLeNoir,other,1.0000,TIER 3 / MILITARY
,BookTheDecameron,other,1.0000,TIER 3 / MILITARY
,BookTheGiacomoLeopardi,other,1.0000,TIER 3 / MILITARY
,BookAliceInWonderland,other,1.0000,TIER 3 / MILITARY
,BookTheThreeMusketeers,other,1.0000,TIER 3 / MILITARY
,BookTheTurnOfTheScrew,other,1.0000,TIER 3 / MILITARY
,BookTranslationsOfShakuntala,other,1.0000,TIER 3 / MILITARY
,BookTreasureIsland,other,1.0000,TIER 3 / MILITARY
,BookUlysses,other,1.0000,TIER 3 / MILITARY
,BookUncleSilas,other,1.0000,TIER 3 / MILITARY
,BookTheAeneid,other,1.0000,TIER 3 / MILITARY
,BookWarAndPeace,other,1.0000,TIER 3 / MILITARY
,BookWielandOrTheTransformation,other,1.0000,TIER 3 / MILITARY
,BookWutheringHeights,other,1.0000,TIER 3 / MILITARY
,BookCinqSemainesEnBallon,other,1.0000,TIER 3 / MILITARY
,BookDracula,other,1.0000,TIER 3 / MILITARY
,BookMrchenFrKinder,other,1.0000,TIER 3 / MILITARY
,BookLesTroisMousquetaires,other,1.0000,TIER 3 / MILITARY
,BookDeLorigineDesEspces,other,1.0000,TIER 3 / MILITARY
,BookDasNibelungenlied,other,1.0000,TIER 3 / MILITARY
,BookTheLastMan,other,1.0000,TIER 3 / MILITARY
,BookFaustErsterTeil,other,1.0000,TIER 3 / MILITARY
,BookLenfer1Of2,other,1.0000,TIER 3 / MILITARY
,BookVoyageAuCentreDeLaTerre,other,1.0000,TIER 3 / MILITARY
,BookRomeoUndJulia,other,1.0000,TIER 3 / MILITARY
,BookFrankenstein,other,1.0000,TIER 3 / MILITARY
,BookDeLaTerreLaLune,other,1.0000,TIER 3 / MILITARY
,BookDonQuichotte,other,1.0000,TIER 3 / MILITARY
,BookLleMystrieuse,other,1.0000,TIER 3 / MILITARY
,BookLaComdieHumaine,other,1.0000,TIER 3 / MILITARY
,BookLesCorneilles,other,1.0000,TIER 3 / MILITARY
,Book20000LieuesSousLesMers,other,1.0000,TIER 3 / MILITARY
,BookThreeMenInABoat,other,1.0000,TIER 3 / MILITARY
,UndergroundStash,other,1.0000,TIER 3 / MILITARY
,UndergroundStashSnow,other,1.0000,TIER 3 / MILITARY
,Flag_Chernarus,other,1.0000,TIER 3 / MILITARY
,Flag_Chedaki,other,1.0000,TIER 3 / MILITARY
,Flag_NAPA,other,1.0000,TIER 3 / MILITARY
,Flag_CDF,other,1.0000,TIER 3 / MILITARY
,Flag_Livonia,other,1.0000,TIER 3 / MILITARY
,Flag_Altis,other,1.0000,TIER 3 / MILITARY
,Flag_SSahrani,other,1.0000,TIER 3 / MILITARY
,Flag_NSahrani,other,1.0000,TIER 3 / MILITARY
,Flag_DayZ,other,1.0000,TIER 3 / MILITARY
,Flag_LivoniaArmy,other,1.0000,TIER 3 / MILITARY
,Flag_White,other,1.0000,TIER 3 / MILITARY
,Flag_Bohemia,other,1.0000,TIER 3 / MILITARY
,Flag_APA,other,1.0000,TIER 3 / MILITARY
,Flag_UEC,other,1.0000,TIER 3 / MILITARY
,Flag_Pirates,other,1.0000,TIER 3 / MILITARY
,Flag_Cannibals,food,1.0000,TIER 1 & 2
,Flag_Bear,other,1.0000,TIER 3 / MILITARY
,Flag_Wolf,other,1.0000,TIER 3 / MILITARY
,Flag_BabyDeer,other,1.0000,TIER 3 / MILITARY
,Flag_Rooster,other,1.0000,TIER 3 / MILITARY
,Flag_CMC,other,1.0000,TIER 3 / MILITARY
,Flag_TEC,other,1.0000,TIER 3 / MILITARY
,Flag_CHEL,other,1.0000,TIER 3 / MILITARY
,Flag_Zenit,other,1.0000,TIER 3 / MILITARY
,Flag_BrainZ,other,1.0000,TIER 3 / MILITARY
,Flag_Refuge,other,1.0000,TIER 3 / MILITARY
,Flag_RSTA,other,1.0000,TIER 3 / MILITARY
,Flag_Snake,other,1.0000,TIER 3 / MILITARY
,Flag_Crook,other,1.0000,TIER 3 / MILITARY
,Flag_Rex,other,1.0000,TIER 3 / MILITARY
,Flag_Zagorky,other,1.0000,TIER 3 / MILITARY
,Flag_Sakhal,other,1.0000,TIER 3 / MILITARY
,Plant_Tomato,other,1.0000,TIER 3 / MILITARY
,Plant_Pepper,other,1.0000,TIER 3 / MILITARY
,Plant_Potato,other,1.0000,TIER 3 / MILITARY
,Plant_Zucchini,other,1.0000,TIER 3 / MILITARY
,Plant_Cannabis,food,1.0000,TIER 1 & 2
,GardenPlotGreenhouse,other,1.0000,TIER 3 / MILITARY
,GardenPlotPolytunnel,other,1.0000,TIER 3 / MILITARY
,SodaCan_Empty,food,1.0000,TIER 1 & 2
,DeadRabbit,other,1.0000,TIER 3 / MILITARY
,DeadFox,other,1.0000,TIER 3 / MILITARY
,rm_flag_dayz10,other,1.0000,TIER 3 / MILITARY
,rm_flag_dayz11,other,1.0000,TIER 3 / MILITARY
,rm_flag_dayz12,other,1.0000,TIER 3 / MILITARY
,rm_flag_dayz13,other,1.0000,TIER 3 / MILITARY
,rm_flag_dayz14,other,1.0000,TIER 3 / MILITARY
,rm_flag_dayz15,other,1.0000,TIER 3 / MILITARY
,rm_flag_dayz16,other,1.0000,TIER 3 / MILITARY
,rm_flag_dayz17,other,1.0000,TIER 3 / MILITARY
,rm_flag_dayz18,other,1.0000,TIER 3 / MILITARY
,rm_flag_dayz19,other,1.0000,TIER 3 / MILITARY
,rm_flag_dayz1,other,1.0000,TIER 3 / MILITARY
,rm_flag_dayz20,other,1.0000,TIER 3 / MILITARY
,rm_flag_dayz21,other,1.0000,TIER 3 / MILITARY
,rm_flag_dayz22,other,1.0000,TIER 3 / MILITARY
,rm_flag_dayz23,other,1.0000,TIER 3 / MILITARY
,rm_flag_dayz24,other,1.0000,TIER 3 / MILITARY
,rm_flag_dayz25,other,1.0000,TIER 3 / MILITARY
,rm_flag_dayz26,other,1.0000,TIER 3 / MILITARY
,rm_flag_dayz27,other,1.0000,TIER 3 / MILITARY
,rm_flag_dayz28,other,1.0000,TIER 3 / MILITARY
,rm_flag_dayz29,other,1.0000,TIER 3 / MILITARY
,rm_flag_dayz2,other,1.0000,TIER 3 / MILITARY
,rm_flag_dayz30,other,1.0000,TIER 3 / MILITARY
,rm_flag_dayz31,other,1.0000,TIER 3 / MILITARY
,rm_flag_dayz32,other,1.0000,TIER 3 / MILITARY
,rm_flag_dayz33,other,1.0000,TIER 3 / MILITARY
,rm_flag_dayz34,other,1.0000,TIER 3 / MILITARY
,rm_flag_dayz35,other,1.0000,TIER 3 / MILITARY
,rm_flag_dayz36,other,1.0000,TIER 3 / MILITARY
,rm_flag_dayz37,other,1.0000,TIER 3 / MILITARY
,rm_flag_dayz38,other,1.0000,TIER 3 / MILITARY
,rm_flag_dayz39,other,1.0000,TIER 3 / MILITARY
,rm_flag_dayz3,other,1.0000,TIER 3 / MILITARY
,rm_flag_dayz40,other,1.0000,TIER 3 / MILITARY
,rm_flag_dayz41,other,1.0000,TIER 3 / MILITARY
,rm_flag_dayz42,other,1.0000,TIER 3 / MILITARY
,rm_flag_dayz43,other,1.0000,TIER 3 / MILITARY
,rm_flag_dayz44,other,1.0000,TIER 3 / MILITARY
,rm_flag_dayz45,other,1.0000,TIER 3 / MILITARY
,rm_flag_dayz46,other,1.0000,TIER 3 / MILITARY
,rm_flag_dayz47,other,1.0000,TIER 3 / MILITARY
,rm_flag_dayz48,other,1.0000,TIER 3 / MILITARY
,rm_flag_dayz49,other,1.0000,TIER 3 / MILITARY
,rm_flag_dayz4,other,1.0000,TIER 3 / MILITARY
,rm_flag_dayz50,other,1.0000,TIER 3 / MILITARY
,rm_flag_dayz51,other,1.0000,TIER 3 / MILITARY
,rm_flag_dayz52,other,1.0000,TIER 3 / MILITARY
,rm_flag_dayz53,other,1.0000,TIER 3 / MILITARY
,rm_flag_dayz54,other,1.0000,TIER 3 / MILITARY
,rm_flag_dayz55,other,1.0000,TIER 3 / MILITARY
,rm_flag_dayz56,other,1.0000,TIER 3 / MILITARY
,rm_flag_dayz57,other,1.0000,TIER 3 / MILITARY
,rm_flag_dayz58,other,1.0000,TIER 3 / MILITARY
,rm_flag_dayz59,other,1.0000,TIER 3 / MILITARY
,rm_flag_dayz5,other,1.0000,TIER 3 / MILITARY
,rm_flag_dayz60,other,1.0000,TIER 3 / MILITARY
,rm_flag_dayz61,other,1.0000,TIER 3 / MILITARY
,rm_flag_dayz62,other,1.0000,TIER 3 / MILITARY
,rm_flag_dayz63,other,1.0000,TIER 3 / MILITARY
,rm_flag_dayz64,other,1.0000,TIER 3 / MILITARY
,rm_flag_dayz65,other,1.0000,TIER 3 / MILITARY
,rm_flag_dayz66,other,1.0000,TIER 3 / MILITARY
,rm_flag_dayz67,other,1.0000,TIER 3 / MILITARY
,rm_flag_dayz6,other,1.0000,TIER 3 / MILITARY
,rm_flag_dayz7,other,1.0000,TIER 3 / MILITARY
,rm_flag_dayz8,other,1.0000,TIER 3 / MILITARY
,rm_flag_dayz9,other,1.0000,TIER 3 / MILITARY
,rm_flag_CVO2,other,1.0000,TIER 3 / MILITARY
,rm_flag_CVO,other,1.0000,TIER 3 / MILITARY
,rm_flagWIN,other,1.0000,TIER 3 / MILITARY
,rm_flagWIN2,other,1.0000,TIER 3 / MILITARY
,rm_flagWIN3,other,1.0000,TIER 3 / MILITARY
,Poncho_Red_Checkered,other,1.0000,TIER 3 / MILITARY
,Poncho_Blue_Checkered,other,1.0000,TIER 3 / MILITARY
,Poncho_Yellow_Checkered,other,1.0000,TIER 3 / MILITARY
,Poncho_White,other,1.0000,TIER 3 / MILITARY
,Poncho_Brown,other,1.0000,TIER 3 / MILITARY
,Poncho_Green,other,1.0000,TIER 3 / MILITARY
,Poncho_Red,other,1.0000,TIER 3 / MILITARY
,Poncho_Black,other,1.0000,TIER 3 / MILITARY
,Poncho_BlackAndWhite,other,1.0000,TIER 3 / MILITARY
,Poncho_BlackAndWhite2,other,1.0000,TIER 3 / MILITARY
,rm_Fence_static,other,1.0000,TIER 3 / MILITARY
,ElectronicRepairKit,other,1.0000,TIER 3 / MILITARY
,FC_Number_Example_1,other,1.0000,TIER 3 / MILITARY
,FC_Number_Example_2,other,1.0000,TIER 3 / MILITARY
,OH_Invis_Helm,other,1.0000,TIER 3 / MILITARY
,OH_altin_cover_1_black,other,1.0000,UNDERGROUND
,OH_altin_cover_1_black_green,other,1.0000,UNDERGROUND
,OH_altin_cover_1_green,other,1.0000,UNDERGROUND
,OH_altin_cover_1_green_black,other,1.0000,UNDERGROUND
,OH_altin_cover_1_ATACS_black,other,1.0000,UNDERGROUND
,OH_altin_cover_1_ATACS_green,other,1.0000,UNDERGROUND
,OH_altin_cover_1_berezka_black,other,1.0000,UNDERGROUND
,OH_altin_cover_1_berezka_green,other,1.0000,UNDERGROUND
,OH_altin_cover_1_dubok_1_black,other,1.0000,UNDERGROUND
,OH_altin_cover_1_dubok_1_green,other,1.0000,UNDERGROUND
,OH_altin_cover_1_dubok_2_black,other,1.0000,UNDERGROUND
,OH_altin_cover_1_dubok_2_green,other,1.0000,UNDERGROUND
,OH_altin_cover_1_EMR_black,other,1.0000,UNDERGROUND
,OH_altin_cover_1_EMR_green,other,1.0000,UNDERGROUND
,OH_altin_cover_1_FLECTARN_black,other,1.0000,UNDERGROUND
,OH_altin_cover_1_FLECTARN_green,other,1.0000,UNDERGROUND
,OH_altin_cover_1_FLORA_black,other,1.0000,UNDERGROUND
,OH_altin_cover_1_FLORA_green,other,1.0000,UNDERGROUND
,OH_altin_cover_1_german_black,other,1.0000,UNDERGROUND
,OH_altin_cover_1_german_green,other,1.0000,UNDERGROUND
,OH_altin_cover_1_IZLOM_black,other,1.0000,UNDERGROUND
,OH_altin_cover_1_IZLOM_green,other,1.0000,UNDERGROUND
,OH_altin_cover_1_partizan_black,other,1.0000,UNDERGROUND
,OH_altin_cover_1_partizan_green,other,1.0000,UNDERGROUND
,OH_altin_cover_1_veles_black,other,1.0000,UNDERGROUND
,OH_altin_cover_1_veles_black_green,other,1.0000,UNDERGROUND
,OH_altin_cover_1_veles_green,other,1.0000,UNDERGROUND
,OH_altin_cover_1_veles_green_black,other,1.0000,UNDERGROUND
,OH_altin_cover_2_black,other,1.0000,UNDERGROUND
,OH_altin_cover_2_black_green,other,1.0000,UNDERGROUND
,OH_altin_cover_2_green,other,1.0000,UNDERGROUND
,OH_altin_cover_2_green_black,other,1.0000,UNDERGROUND
,OH_altin_cover_2_ATACS_black,other,1.0000,UNDERGROUND
,OH_altin_cover_2_ATACS_green,other,1.0000,UNDERGROUND
,OH_altin_cover_2_berezka_black,other,1.0000,UNDERGROUND
,OH_altin_cover_2_berezka_green,other,1.0000,UNDERGROUND
,OH_altin_cover_2_dubok_1_black,other,1.0000,UNDERGROUND
,OH_altin_cover_2_dubok_1_green,other,1.0000,UNDERGROUND
,OH_altin_cover_2_dubok_2_black,other,1.0000,UNDERGROUND
,OH_altin_cover_2_dubok_2_green,other,1.0000,UNDERGROUND
,OH_altin_cover_2_EMR_black,other,1.0000,UNDERGROUND
,OH_altin_cover_2_EMR_green,other,1.0000,UNDERGROUND
,OH_altin_cover_2_FLECTARN_black,other,1.0000,UNDERGROUND
,OH_altin_cover_2_FLECTARN_green,other,1.0000,UNDERGROUND
,OH_altin_cover_2_FLORA_black,other,1.0000,UNDERGROUND
,OH_altin_cover_2_FLORA_green,other,1.0000,UNDERGROUND
,OH_altin_cover_2_german_black,other,1.0000,UNDERGROUND
,OH_altin_cover_2_german_green,other,1.0000,UNDERGROUND
,OH_altin_cover_2_IZLOM_black,other,1.0000,UNDERGROUND
,OH_altin_cover_2_IZLOM_green,other,1.0000,UNDERGROUND
,OH_altin_cover_2_partizan_black,other,1.0000,UNDERGROUND
,OH_altin_cover_2_partizan_green,other,1.0000,UNDERGROUND
,OH_altin_cover_2_veles_black,other,1.0000,UNDERGROUND
,OH_altin_cover_2_veles_green,other,1.0000,UNDERGROUND
,OH_altin_cover_3_ATACS_green,other,1.0000,UNDERGROUND
,OH_altin_cover_3_berezka_green,other,1.0000,UNDERGROUND
,OH_altin_cover_3_dubok_1_green,other,1.0000,UNDERGROUND
,OH_altin_cover_3_dubok_2_green,other,1.0000,UNDERGROUND
,OH_altin_cover_3_EMR_green,other,1.0000,UNDERGROUND
,OH_altin_cover_3_FLECTARN_green,other,1.0000,UNDERGROUND
,OH_altin_cover_3_FLORA_green,other,1.0000,UNDERGROUND
,OH_altin_cover_3_german_green,other,1.0000,UNDERGROUND
,OH_altin_cover_3_green_black,other,1.0000,UNDERGROUND
,OH_altin_cover_3_IZLOM_green,other,1.0000,UNDERGROUND
,OH_altin_cover_3_partizan_green,other,1.0000,UNDERGROUND
,OH_altin_cover_3_GREEN_GREEN,other,1.0000,UNDERGROUND
,OH_altin_cover_3_veles_black,other,1.0000,UNDERGROUND
,OH_altin_cover_3_veles_green,other,1.0000,UNDERGROUND
,OH_altin_cover_4_black,other,1.0000,UNDERGROUND
,OH_altin_cover_4_black_green,other,1.0000,UNDERGROUND
,OH_altin_cover_4_green,other,1.0000,UNDERGROUND
,OH_altin_cover_4_green_black,other,1.0000,UNDERGROUND
,OH_altin_cover_4_ATACS_black,other,1.0000,UNDERGROUND
,OH_altin_cover_4_ATACS_green,other,1.0000,UNDERGROUND
,OH_altin_cover_4_berezka_black,other,1.0000,UNDERGROUND
,OH_altin_cover_4_berezka_green,other,1.0000,UNDERGROUND
,OH_altin_cover_4_dubok_1_black,other,1.0000,UNDERGROUND
,OH_altin_cover_4_dubok_1_green,other,1.0000,UNDERGROUND
,OH_altin_cover_4_dubok_2_black,other,1.0000,UNDERGROUND
,OH_altin_cover_4_dubok_2_green,other,1.0000,UNDERGROUND
,OH_altin_cover_4_EMR_black,other,1.0000,UNDERGROUND
,OH_altin_cover_4_EMR_green,other,1.0000,UNDERGROUND
,OH_altin_cover_4_FLECTARN_black,other,1.0000,UNDERGROUND
,OH_altin_cover_4_FLECTARN_green,other,1.0000,UNDERGROUND
,OH_altin_cover_4_FLORA_black,other,1.0000,UNDERGROUND
,OH_altin_cover_4_FLORA_green,other,1.0000,UNDERGROUND
,OH_altin_cover_4_german_black,other,1.0000,UNDERGROUND
,OH_altin_cover_4_german_green,other,1.0000,UNDERGROUND
,OH_altin_cover_4_IZLOM_black,other,1.0000,UNDERGROUND
,OH_altin_cover_4_IZLOM_green,other,1.0000,UNDERGROUND
,OH_altin_cover_4_partizan_black,other,1.0000,UNDERGROUND
,OH_altin_cover_4_partizan_green,other,1.0000,UNDERGROUND
,OH_altin_cover_4_veles_black,other,1.0000,UNDERGROUND
,OH_altin_cover_4_veles_green,other,1.0000,UNDERGROUND
,OH_altin_cover_5_black,other,1.0000,UNDERGROUND
,OH_altin_cover_5_black_green,other,1.0000,UNDERGROUND
,OH_altin_cover_5_green,other,1.0000,UNDERGROUND
,OH_altin_cover_5_green_black,other,1.0000,UNDERGROUND
,OH_altin_cover_5_ATACS_black,other,1.0000,UNDERGROUND
,OH_altin_cover_5_ATACS_green,other,1.0000,UNDERGROUND
,OH_altin_cover_5_berezka_black,other,1.0000,UNDERGROUND
,OH_altin_cover_5_berezka_green,other,1.0000,UNDERGROUND
,OH_altin_cover_5_dubok_1_black,other,1.0000,UNDERGROUND
,OH_altin_cover_5_dubok_1_green,other,1.0000,UNDERGROUND
,OH_altin_cover_5_dubok_2_black,other,1.0000,UNDERGROUND
,OH_altin_cover_5_dubok_2_green,other,1.0000,UNDERGROUND
,OH_altin_cover_5_EMR_black,other,1.0000,UNDERGROUND
,OH_altin_cover_5_EMR_green,other,1.0000,UNDERGROUND
,OH_altin_cover_5_FLECTARN_black,other,1.0000,UNDERGROUND
,OH_altin_cover_5_FLECTARN_green,other,1.0000,UNDERGROUND
,OH_altin_cover_5_FLORA_black,other,1.0000,UNDERGROUND
,OH_altin_cover_5_FLORA_green,other,1.0000,UNDERGROUND
,OH_altin_cover_5_german_black,other,1.0000,UNDERGROUND
,OH_altin_cover_5_german_green,other,1.0000,UNDERGROUND
,OH_altin_cover_5_IZLOM_black,other,1.0000,UNDERGROUND
,OH_altin_cover_5_IZLOM_green,other,1.0000,UNDERGROUND
,OH_altin_cover_5_partizan_black,other,1.0000,UNDERGROUND
,OH_altin_cover_5_partizan_green,other,1.0000,UNDERGROUND
,OH_altin_cover_5_veles_black,other,1.0000,UNDERGROUND
,OH_altin_cover_5_veles_green,other,1.0000,UNDERGROUND
,OH_k6_3_green,other,1.0000,UNDERGROUND
,OH_k6_3_black,other,1.0000,UNDERGROUND
,OH_mich_OpsCore_Tan,other,1.0000,TIER 3 / MILITARY
,OH_mich_OpsCore_Green,other,1.0000,TIER 3 / MILITARY
,OH_mich_OpsCore_Black,other,1.0000,TIER 3 / MILITARY
,OH_mich_OpsCore_Multicam,other,1.0000,TIER 3 / MILITARY
,OH_mich_ops_core_cover_green_black,other,1.0000,UNDERGROUND
,OH_mich_ops_core_cover_Green_green,other,1.0000,UNDERGROUND
,OH_mich_ops_core_cover_Green_tan,other,1.0000,UNDERGROUND
,OH_mich_ops_core_cover_Green_Multicam,other,1.0000,UNDERGROUND
,OH_mich_ops_core_cover_black_green,other,1.0000,UNDERGROUND
,OH_mich_ops_core_cover_black_black,other,1.0000,UNDERGROUND
,OH_mich_ops_core_cover_black_tan,other,1.0000,UNDERGROUND
,OH_mich_ops_core_cover_black_Multicam,other,1.0000,UNDERGROUND
,OH_mich_ops_core_cover_atacsau_black,other,1.0000,UNDERGROUND
,OH_mich_ops_core_cover_atacsau_green,other,1.0000,UNDERGROUND
,OH_mich_ops_core_cover_atacsau_Multicam,other,1.0000,UNDERGROUND
,OH_mich_ops_core_cover_atacsau_Tan,other,1.0000,UNDERGROUND
,OH_mich_ops_core_cover_berezka_black,other,1.0000,UNDERGROUND
,OH_mich_ops_core_cover_berezka_green,other,1.0000,UNDERGROUND
,OH_mich_ops_core_cover_berezka_multicam,other,1.0000,UNDERGROUND
,OH_mich_ops_core_cover_berezka_Tan,other,1.0000,UNDERGROUND
,OH_mich_ops_core_cover_dubok_1_Black,other,1.0000,UNDERGROUND
,OH_mich_ops_core_cover_dubok_1_Green,other,1.0000,UNDERGROUND
,OH_mich_ops_core_cover_dubok_1_Multicam,other,1.0000,UNDERGROUND
,OH_mich_ops_core_cover_dubok_1_Tan,other,1.0000,UNDERGROUND
,OH_mich_ops_core_cover_dubok_2_black,other,1.0000,UNDERGROUND
,OH_mich_ops_core_cover_dubok_2_Green,other,1.0000,UNDERGROUND
,OH_mich_ops_core_cover_dubok_2_multicam,other,1.0000,UNDERGROUND
,OH_mich_ops_core_cover_dubok_2_Tan,other,1.0000,UNDERGROUND
,OH_mich_ops_core_cover_EMR_black,other,1.0000,UNDERGROUND
,OH_mich_ops_core_cover_EMR_Green,other,1.0000,UNDERGROUND
,OH_mich_ops_core_cover_EMR_multicam,other,1.0000,UNDERGROUND
,OH_mich_ops_core_cover_EMR_Tan,other,1.0000,UNDERGROUND
,OH_mich_ops_core_cover_FLECTARN_black,other,1.0000,UNDERGROUND
,OH_mich_ops_core_cover_FLECTARN_green,other,1.0000,UNDERGROUND
,OH_mich_ops_core_cover_FLECTARN_multicam,other,1.0000,UNDERGROUND
,OH_mich_ops_core_cover_flektarn_Tan,other,1.0000,UNDERGROUND
,OH_mich_ops_core_cover_FLORA_black,other,1.0000,UNDERGROUND
,OH_mich_ops_core_cover_flora_Green,other,1.0000,UNDERGROUND
,OH_mich_ops_core_cover_FLORA_multicam,other,1.0000,UNDERGROUND
,OH_mich_ops_core_cover_flora_Tan,other,1.0000,UNDERGROUND
,OH_mich_ops_core_cover_german_black,other,1.0000,UNDERGROUND
,OH_mich_ops_core_cover_german_Green,other,1.0000,UNDERGROUND
,OH_mich_ops_core_cover_german_multicam,other,1.0000,UNDERGROUND
,OH_mich_ops_core_cover_german_Tan,other,1.0000,UNDERGROUND
,OH_mich_ops_core_cover_izlom_black,other,1.0000,UNDERGROUND
,OH_mich_ops_core_cover_izlom_Green,other,1.0000,UNDERGROUND
,OH_mich_ops_core_cover_izlom_multicam,other,1.0000,UNDERGROUND
,OH_mich_ops_core_cover_izlom_Tan,other,1.0000,UNDERGROUND
,OH_mich_ops_core_cover_partizan_black,other,1.0000,UNDERGROUND
,OH_mich_ops_core_cover_partizan_green,other,1.0000,UNDERGROUND
,OH_mich_ops_core_cover_partizan_multicam,other,1.0000,UNDERGROUND
,OH_mich_ops_core_cover_partizan_tan,other,1.0000,UNDERGROUND
,OH_mich_cover_5_cover_green,other,1.0000,UNDERGROUND
,OH_mich_cover_5_black,other,1.0000,UNDERGROUND
,OH_mich_cover_5_atacsau,other,1.0000,UNDERGROUND
,OH_mich_cover_5_berezka,other,1.0000,UNDERGROUND
,OH_mich_cover_5_dubok_1,other,1.0000,UNDERGROUND
,OH_mich_cover_5_dubok_2,other,1.0000,UNDERGROUND
,OH_mich_cover_5_EMR,other,1.0000,UNDERGROUND
,OH_mich_cover_5_flektarn,other,1.0000,UNDERGROUND
,OH_mich_cover_5_flora,other,1.0000,UNDERGROUND
,OH_mich_cover_5_german,other,1.0000,UNDERGROUND
,OH_mich_cover_5_izlom,other,1.0000,UNDERGROUND
,OH_mich_cover_5_partizan,other,1.0000,UNDERGROUND
,OH_MSA_mich_camo,other,1.0000,UNDERGROUND
,OH_sphera_black,other,1.0000,TIER 3 / MILITARY
,OH_vitjaz_olive,other,1.0000,UNDERGROUND
,OH_vitjaz_black,other,1.0000,UNDERGROUND
,OH_Toxickpouch_black,other,1.0000,TIER 3 / MILITARY
,OH_Toxickpouch_tan,other,1.0000,TIER 3 / MILITARY
,OH_Toxickpouch_olive,other,1.0000,TIER 3 / MILITARY
,OH_Toxickpouch_flora,other,1.0000,TIER 3 / MILITARY
,OH_kabackPlotGreenhouse,other,1.0000,TIER 3 / MILITARY
,OH_kabackPlotPolytunnel,other,1.0000,TIER 3 / MILITARY
,OH_plastic_canister_blue,food,1.0000,TIER 1 & 2
,OH_plastic_canister_red,food,1.0000,TIER 1 & 2
,OH_plastic_canister_green,food,1.0000,TIER 1 & 2
,OH_plastic_canister_yellow,food,1.0000,TIER 1 & 2
,OH_gerlyanda_Kit,other,1.0000,TIER 3 / MILITARY
,Shockpistol,other,1.0000,TIER 3 / MILITARY
,Shockpistol_Black,other,1.0000,TIER 3 / MILITARY
,SawedoffMagnum,tools,1.0000,TIER 3 / MILITARY
,OH_altin_cover_6_black,other,1.1000,TIER 3 / MILITARY
,OH_altin_cover_6_black_green,other,1.1000,TIER 3 / MILITARY
,OH_altin_cover_6_green,other,1.1000,TIER 3 / MILITARY
,OH_altin_cover_6_green_black,other,1.1000,TIER 3 / MILITARY
,OH_altin_cover_6_ATACS_black,other,1.1000,TIER 3 / MILITARY
,OH_altin_cover_6_ATACS_green,other,1.1000,TIER 3 / MILITARY
,OH_altin_cover_6_berezka_black,other,1.1000,TIER 3 / MILITARY
,OH_altin_cover_6_berezka_green,other,1.1000,TIER 3 / MILITARY
,OH_altin_cover_6_dubok_1_black,other,1.1000,TIER 3 / MILITARY
,OH_altin_cover_6_dubok_1_green,other,1.1000,TIER 3 / MILITARY
,OH_altin_cover_6_dubok_2_black,other,1.1000,TIER 3 / MILITARY
,OH_altin_cover_6_dubok_2_green,other,1.1000,TIER 3 / MILITARY
,OH_altin_cover_6_EMR_black,other,1.1000,TIER 3 / MILITARY
,OH_altin_cover_6_EMR_green,other,1.1000,TIER 3 / MILITARY
,OH_altin_cover_6_FLECTARN_black,other,1.1000,TIER 3 / MILITARY
,OH_altin_cover_6_FLECTARN_green,other,1.1000,TIER 3 / MILITARY
,OH_altin_cover_6_FLORA_black,other,1.1000,TIER 3 / MILITARY
,OH_altin_cover_6_FLORA_green,other,1.1000,TIER 3 / MILITARY
,OH_altin_cover_6_german_black,other,1.1000,TIER 3 / MILITARY
,OH_altin_cover_6_german_green,other,1.1000,TIER 3 / MILITARY
,OH_altin_cover_6_IZLOM_black,other,1.1000,TIER 3 / MILITARY
,OH_altin_cover_6_IZLOM_green,other,1.1000,TIER 3 / MILITARY
,OH_altin_cover_6_partizan_black,other,1.1000,TIER 3 / MILITARY
,OH_altin_cover_6_partizan_green,other,1.1000,TIER 3 / MILITARY
,Mag_AKM_Drum_TEST,other,1.1000,TIER 3 / MILITARY
,Colt1911,other,1.1060,TIER 3 / MILITARY
,Engraved1911,other,1.1060,TIER 3 / MILITARY
,Defibrillator,other,1.2000,TIER 3 / MILITARY
,MetalPlate,other,1.2000,TIER 3 / MILITARY
,MouflonPelt,other,1.2000,TIER 3 / MILITARY
,LeatherSewingKit,other,1.2000,TIER 3 / MILITARY
,Mace,other,1.2000,TIER 3 / MILITARY
,OH_mich2001_floraru,other,1.2000,TIER 3 / MILITARY
,OH_mich2001_multicam1,other,1.2000,TIER 3 / MILITARY
,OH_mich2001_pixel,other,1.2000,TIER 3 / MILITARY
,OH_mich2001_black,other,1.2000,TIER 3 / MILITARY
,OH_Mando_Green,other,1.2000,UNDERGROUND
,OH_Mando_Black,other,1.2000,UNDERGROUND
,OH_mich,other,1.2000,UNDERGROUND
,OH_mich_black,other,1.2000,UNDERGROUND
,OH_mich2,other,1.2000,UNDERGROUND
,OH_mich2_black,other,1.2000,UNDERGROUND
,OH_mich2_visor_green,other,1.2000,TIER 3 / MILITARY
,OH_mich2_visor_black,other,1.2000,TIER 3 / MILITARY
,OH_mich2_visor_tan,other,1.2000,TIER 3 / MILITARY
,OH_mich2_visor_tan_camo,other,1.2000,TIER 3 / MILITARY
,OH_mich_5_headphone_green,other,1.2000,TIER 3 / MILITARY
,OH_mich_5_headphone_black,other,1.2000,TIER 3 / MILITARY
,OH_mich_5_headphone_tan,other,1.2000,TIER 3 / MILITARY
,OH_mich_5_headphone_tan_camo,other,1.2000,TIER 3 / MILITARY
,OH_mando_mich_cover_green_green,other,1.2000,TIER 3 / MILITARY
,OH_mando_mich_cover_green_black,other,1.2000,TIER 3 / MILITARY
,OH_mando_mich_cover_black_green,other,1.2000,TIER 3 / MILITARY
,OH_mando_mich_cover_black_black,other,1.2000,TIER 3 / MILITARY
,OH_mando_mich_cover_atacsau_green,other,1.2000,TIER 3 / MILITARY
,OH_mando_mich_cover_atacsau_black,other,1.2000,TIER 3 / MILITARY
,OH_mando_mich_cover_berezka_green,other,1.2000,TIER 3 / MILITARY
,OH_mando_mich_cover_berezka_black,other,1.2000,TIER 3 / MILITARY
,OH_mando_mich_cover_dubok_1_green,other,1.2000,TIER 3 / MILITARY
,OH_mando_mich_cover_dubok_1_black,other,1.2000,TIER 3 / MILITARY
,OH_mando_mich_cover_dubok_2_green,other,1.2000,TIER 3 / MILITARY
,OH_mando_mich_cover_dubok_2_black,other,1.2000,TIER 3 / MILITARY
,OH_mando_mich_cover_EMR_green,other,1.2000,TIER 3 / MILITARY
,OH_mando_mich_cover_EMR_black,other,1.2000,TIER 3 / MILITARY
,OH_mando_mich_cover_flektarn_green,other,1.2000,TIER 3 / MILITARY
,OH_mando_mich_cover_flektarn_black,other,1.2000,TIER 3 / MILITARY
,OH_mando_mich_cover_flora_green,other,1.2000,TIER 3 / MILITARY
,OH_mando_mich_cover_flora_black,other,1.2000,TIER 3 / MILITARY
,OH_mando_mich_cover_german_green,other,1.2000,TIER 3 / MILITARY
,OH_mando_mich_cover_german_black,other,1.2000,TIER 3 / MILITARY
,OH_mando_mich_cover_izlom_green,other,1.2000,TIER 3 / MILITARY
,OH_mando_mich_cover_izlom_black,other,1.2000,TIER 3 / MILITARY
,OH_mando_mich_cover_partizan_green,other,1.2000,TIER 3 / MILITARY
,OH_mando_mich_cover_partizan_black,other,1.2000,TIER 3 / MILITARY
,OH_mich_cover_1_cover_green_black,other,1.2000,UNDERGROUND
,OH_mich_cover_1_green_blue,other,1.2000,UNDERGROUND
,OH_mich_cover_1_black_black,other,1.2000,UNDERGROUND
,OH_mich_cover_1_black_blue,other,1.2000,UNDERGROUND
,OH_mich_cover_1_atacsau_black,other,1.2000,UNDERGROUND
,OH_mich_cover_1_atacsau_blue,other,1.2000,UNDERGROUND
,OH_mich_cover_1_berezka_black,other,1.2000,UNDERGROUND
,OH_mich_cover_1_berezka_blue,other,1.2000,UNDERGROUND
,OH_mich_cover_1_dubok_1_black,other,1.2000,UNDERGROUND
,OH_mich_cover_1_dubok_1_blue,other,1.2000,UNDERGROUND
,OH_mich_cover_1_dubok_2_black,other,1.2000,UNDERGROUND
,OH_mich_cover_1_dubok_2_blue,other,1.2000,UNDERGROUND
,OH_mich_cover_1_EMR_black,other,1.2000,UNDERGROUND
,OH_mich_cover_1_EMR_blue,other,1.2000,UNDERGROUND
,OH_mich_cover_1_flektarn_black,other,1.2000,UNDERGROUND
,OH_mich_cover_1_flektarn_blue,other,1.2000,UNDERGROUND
,OH_mich_cover_1_flora_black,other,1.2000,UNDERGROUND
,OH_mich_cover_1_flora_blue,other,1.2000,UNDERGROUND
,OH_mich_cover_1_german_black,other,1.2000,UNDERGROUND
,OH_mich_cover_1_german_blue,other,1.2000,UNDERGROUND
,OH_mich_cover_1_izlom_black,other,1.2000,UNDERGROUND
,OH_mich_cover_1_izlom_blue,other,1.2000,UNDERGROUND
,OH_mich_cover_1_partizan_black,other,1.2000,UNDERGROUND
,OH_mich_cover_1_partizan_blue,other,1.2000,UNDERGROUND
,OH_mich_cover_2_cover_green,other,1.2000,UNDERGROUND
,OH_mich_cover_2_black,other,1.2000,UNDERGROUND
,OH_mich_cover_2_atacsau,other,1.2000,UNDERGROUND
,OH_mich_cover_2_berezka,other,1.2000,UNDERGROUND
,OH_mich_cover_2_dubok_1,other,1.2000,UNDERGROUND
,OH_mich_cover_2_dubok_2,other,1.2000,UNDERGROUND
,OH_mich_cover_2_EMR,other,1.2000,UNDERGROUND
,OH_mich_cover_2_flektarn,other,1.2000,UNDERGROUND
,OH_mich_cover_2_flora,other,1.2000,UNDERGROUND
,OH_mich_cover_2_german,other,1.2000,UNDERGROUND
,OH_mich_cover_2_izlom,other,1.2000,UNDERGROUND
,OH_mich_cover_2_partizan,other,1.2000,UNDERGROUND
,OH_mich_cover_3_cover_green_black,other,1.2000,UNDERGROUND
,OH_mich_cover_3_green_green,other,1.2000,UNDERGROUND
,OH_mich_cover_3_black_black,other,1.2000,UNDERGROUND
,OH_mich_cover_3_black_green,other,1.2000,UNDERGROUND
,OH_mich_cover_3_atacsau_black,other,1.2000,UNDERGROUND
,OH_mich_cover_3_atacsau_green,other,1.2000,UNDERGROUND
,OH_mich_cover_3_berezka_black,other,1.2000,UNDERGROUND
,OH_mich_cover_3_berezka_green,other,1.2000,UNDERGROUND
,OH_mich_cover_3_dubok_1_black,other,1.2000,UNDERGROUND
,OH_mich_cover_3_dubok_1_green,other,1.2000,UNDERGROUND
,OH_mich_cover_3_dubok_2_black,other,1.2000,UNDERGROUND
,OH_mich_cover_3_dubok_2_green,other,1.2000,UNDERGROUND
,OH_mich_cover_3_EMR_black,other,1.2000,UNDERGROUND
,OH_mich_cover_3_EMR_green,other,1.2000,UNDERGROUND
,OH_mich_cover_3_flektarn_black,other,1.2000,UNDERGROUND
,OH_mich_cover_3_flektarn_green,other,1.2000,UNDERGROUND
,OH_mich_cover_3_flora_black,other,1.2000,UNDERGROUND
,OH_mich_cover_3_flora_green,other,1.2000,UNDERGROUND
,OH_mich_cover_3_german_black,other,1.2000,UNDERGROUND
,OH_mich_cover_3_german_green,other,1.2000,UNDERGROUND
,OH_mich_cover_3_izlom_black,other,1.2000,UNDERGROUND
,OH_mich_cover_3_izlom_green,other,1.2000,UNDERGROUND
,OH_mich_cover_3_partizan_black,other,1.2000,UNDERGROUND
,OH_mich_cover_3_partizan_green,other,1.2000,UNDERGROUND
,OH_mich_cover_3_cover_green_tan,other,1.2000,UNDERGROUND
,OH_mich_cover_3_green_tan_camo,other,1.2000,UNDERGROUND
,OH_mich_cover_3_black_tan,other,1.2000,UNDERGROUND
,OH_mich_cover_3_black_tan_camo,other,1.2000,UNDERGROUND
,OH_mich_cover_3_atacsau_tan,other,1.2000,UNDERGROUND
,OH_mich_cover_3_atacsau_tan_camo,other,1.2000,UNDERGROUND
,OH_mich_cover_3_berezka_tan,other,1.2000,UNDERGROUND
,OH_mich_cover_3_berezka_tan_camo,other,1.2000,UNDERGROUND
,OH_mich_cover_3_dubok_1_tan,other,1.2000,UNDERGROUND
,OH_mich_cover_3_dubok_1_tan_camo,other,1.2000,UNDERGROUND
,OH_mich_cover_3_dubok_2_tan,other,1.2000,UNDERGROUND
,OH_mich_cover_3_dubok_2_tan_camo,other,1.2000,UNDERGROUND
,OH_mich_cover_3_EMR_tan,other,1.2000,UNDERGROUND
,OH_mich_cover_3_EMR_tan_camo,other,1.2000,UNDERGROUND
,OH_mich_cover_3_flektarn_tan,other,1.2000,UNDERGROUND
,OH_mich_cover_3_flektarn_tan_camo,other,1.2000,UNDERGROUND
,OH_mich_cover_3_flora_tan,other,1.2000,UNDERGROUND
,OH_mich_cover_3_flora_tan_camo,other,1.2000,UNDERGROUND
,OH_mich_cover_3_german_tan,other,1.2000,UNDERGROUND
,OH_mich_cover_3_german_tan_camo,other,1.2000,UNDERGROUND
,OH_mich_cover_3_izlom_tan,other,1.2000,UNDERGROUND
,OH_mich_cover_3_izlom_tan_camo,other,1.2000,UNDERGROUND
,OH_mich_cover_3_partizan_tan,other,1.2000,UNDERGROUND
,OH_mich_cover_3_partizan_tan_camo,other,1.2000,UNDERGROUND
,OH_mich_cover_4_cover_green_black,other,1.2000,UNDERGROUND
,OH_mich_cover_4_green_green,other,1.2000,UNDERGROUND
,OH_mich_cover_4_black_black,other,1.2000,UNDERGROUND
,OH_mich_cover_4_black_green,other,1.2000,UNDERGROUND
,OH_mich_cover_4_atacsau_black,other,1.2000,UNDERGROUND
,OH_mich_cover_4_atacsau_green,other,1.2000,UNDERGROUND
,OH_mich_cover_4_berezka_black,other,1.2000,UNDERGROUND
,OH_mich_cover_4_berezka_green,other,1.2000,UNDERGROUND
,OH_mich_cover_4_dubok_1_black,other,1.2000,UNDERGROUND
,OH_mich_cover_4_dubok_1_green,other,1.2000,UNDERGROUND
,OH_mich_cover_4_dubok_2_black,other,1.2000,UNDERGROUND
,OH_mich_cover_4_dubok_2_green,other,1.2000,UNDERGROUND
,OH_mich_cover_4_EMR_black,other,1.2000,UNDERGROUND
,OH_mich_cover_4_EMR_green,other,1.2000,UNDERGROUND
,OH_mich_cover_4_flektarn_black,other,1.2000,UNDERGROUND
,OH_mich_cover_4_flektarn_green,other,1.2000,UNDERGROUND
,OH_mich_cover_4_flora_black,other,1.2000,UNDERGROUND
,OH_mich_cover_4_flora_green,other,1.2000,UNDERGROUND
,OH_mich_cover_4_german_black,other,1.2000,UNDERGROUND
,OH_mich_cover_4_german_green,other,1.2000,UNDERGROUND
,OH_mich_cover_4_izlom_black,other,1.2000,UNDERGROUND
,OH_mich_cover_4_izlom_green,other,1.2000,UNDERGROUND
,OH_mich_cover_4_partizan_black,other,1.2000,UNDERGROUND
,OH_mich_cover_4_partizan_green,other,1.2000,UNDERGROUND
,OH_mich_cover_4_cover_green_tan,other,1.2000,UNDERGROUND
,OH_mich_cover_4_green_tan_camo,other,1.2000,UNDERGROUND
,OH_mich_cover_4_black_tan,other,1.2000,UNDERGROUND
,OH_mich_cover_4_black_tan_camo,other,1.2000,UNDERGROUND
,OH_mich_cover_4_atacsau_tan,other,1.2000,UNDERGROUND
,OH_mich_cover_4_atacsau_tan_camo,other,1.2000,UNDERGROUND
,OH_mich_cover_4_berezka_tan,other,1.2000,UNDERGROUND
,OH_mich_cover_4_berezka_tan_camo,other,1.2000,UNDERGROUND
,OH_mich_cover_4_dubok_1_tan,other,1.2000,UNDERGROUND
,OH_mich_cover_4_dubok_1_tan_camo,other,1.2000,UNDERGROUND
,OH_mich_cover_4_dubok_2_tan,other,1.2000,UNDERGROUND
,OH_mich_cover_4_dubok_2_tan_camo,other,1.2000,UNDERGROUND
,OH_mich_cover_4_EMR_tan,other,1.2000,UNDERGROUND
,OH_mich_cover_4_EMR_tan_camo,other,1.2000,UNDERGROUND
,OH_mich_cover_4_flektarn_tan,other,1.2000,UNDERGROUND
,OH_mich_cover_4_flektarn_tan_camo,other,1.2000,UNDERGROUND
,OH_mich_cover_4_flora_tan,other,1.2000,UNDERGROUND
,OH_mich_cover_4_flora_tan_camo,other,1.2000,UNDERGROUND
,OH_mich_cover_4_german_tan,other,1.2000,UNDERGROUND
,OH_mich_cover_4_german_tan_camo,other,1.2000,UNDERGROUND
,OH_mich_cover_4_izlom_tan,other,1.2000,UNDERGROUND
,OH_mich_cover_4_izlom_tan_camo,other,1.2000,UNDERGROUND
,OH_mich_cover_4_partizan_tan,other,1.2000,UNDERGROUND
,OH_mich_cover_4_partizan_tan_camo,other,1.2000,UNDERGROUND
,OH_mich_cover_6_green_black,other,1.2000,UNDERGROUND
,OH_mich_cover_6_green_green,other,1.2000,UNDERGROUND
,OH_mich_cover_6_black_black,other,1.2000,UNDERGROUND
,OH_mich_cover_6_black_green,other,1.2000,UNDERGROUND
,OH_mich_cover_6_atacsau_black,other,1.2000,UNDERGROUND
,OH_mich_cover_6_atacsau_green,other,1.2000,UNDERGROUND
,OH_mich_cover_6_berezka_black,other,1.2000,UNDERGROUND
,OH_mich_cover_6_berezka_green,other,1.2000,UNDERGROUND
,OH_mich_cover_6_dubok_1_black,other,1.2000,UNDERGROUND
,OH_mich_cover_6_dubok_1_green,other,1.2000,UNDERGROUND
,OH_mich_cover_6_dubok_2_black,other,1.2000,UNDERGROUND
,OH_mich_cover_6_dubok_2_green,other,1.2000,UNDERGROUND
,OH_mich_cover_6_EMR_black,other,1.2000,UNDERGROUND
,OH_mich_cover_6_EMR_green,other,1.2000,UNDERGROUND
,OH_mich_cover_6_flektarn_black,other,1.2000,UNDERGROUND
,OH_mich_cover_6_flektarn_green,other,1.2000,UNDERGROUND
,OH_mich_cover_6_flora_black,other,1.2000,UNDERGROUND
,OH_mich_cover_6_flora_green,other,1.2000,UNDERGROUND
,OH_mich_cover_6_german_black,other,1.2000,UNDERGROUND
,OH_mich_cover_6_german_green,other,1.2000,UNDERGROUND
,OH_mich_cover_6_izlom_black,other,1.2000,UNDERGROUND
,OH_mich_cover_6_izlom_green,other,1.2000,UNDERGROUND
,OH_mich_cover_6_partizan_black,other,1.2000,UNDERGROUND
,OH_mich_cover_6_partizan_green,other,1.2000,UNDERGROUND
,OH_mich_cover_7_vanilla_green,other,1.2000,TIER 3 / MILITARY
,OH_mich_cover_7_vanilla_black,other,1.2000,TIER 3 / MILITARY
,OH_mich_cover_7_vanilla_atacsau,other,1.2000,TIER 3 / MILITARY
,OH_mich_cover_7_vanilla_berezka,other,1.2000,TIER 3 / MILITARY
,OH_mich_cover_7_vanilla_dubok_1,other,1.2000,TIER 3 / MILITARY
,OH_mich_cover_7_vanilla_dubok_2,other,1.2000,TIER 3 / MILITARY
,OH_mich_cover_7_vanilla_EMR,other,1.2000,TIER 3 / MILITARY
,OH_mich_cover_7_vanilla_flektarn,other,1.2000,TIER 3 / MILITARY
,OH_mich_cover_7_vanilla_flora,other,1.2000,TIER 3 / MILITARY
,OH_mich_cover_7_vanilla_german,other,1.2000,TIER 3 / MILITARY
,OH_mich_cover_7_vanilla_izlom,other,1.2000,TIER 3 / MILITARY
,OH_mich_cover_7_vanilla_partizan,other,1.2000,TIER 3 / MILITARY
,shlem01,other,1.2000,UNDERGROUND
,OH_spoon_shlem02,other,1.2000,UNDERGROUND
,High_Knee_Sneakers,other,1.2500,TIER 3 / MILITARY
,High_Knee_Sneakers_Black,other,1.2500,TIER 3 / MILITARY
,CZ61,other,1.2800,TIER 3 / MILITARY
,ACOGOptic_6x,other,1.3000,TIER 3 / MILITARY
,MKII,other,1.3000,TIER 3 / MILITARY
,Magnum,other,1.4000,TIER 3 / MILITARY
,DeadRooster,other,1.5000,TIER 3 / MILITARY
,DeadChicken_White,other,1.5000,TIER 3 / MILITARY
,DeadChicken_Spotted,other,1.5000,TIER 3 / MILITARY
,DeadChicken_Brown,other,1.5000,TIER 3 / MILITARY
,Banov_XSight,other,1.5000,TIER 3 / MILITARY
,WoodenPlank,other,1.5000,CONSTRUCTION & SPARE PARTS
,Stone,other,1.5000,TIER 3 / MILITARY
,WoodAxe,tools,1.5000,CONSTRUCTION & SPARE PARTS
,Sword,other,1.5000,TIER 3 / MILITARY
,LugWrench,tools,1.6000,TIER 3 / MILITARY
,FarmingHoe,other,1.6000,TIER 3 / MILITARY
,PM73Rak,other,1.6000,TIER 3 / MILITARY
,LandMineTrap,other,1.6700,TIER 3 / MILITARY
,Spotlight,other,1.7000,TIER 3 / MILITARY
,Refridgerator,other,1.7000,TIER 3 / MILITARY
,Radio,other,1.7000,TIER 3 / MILITARY
,Pitchfork,other,1.7000,TIER 3 / MILITARY
,StarlightOptic,other,1.8000,TIER 3 / MILITARY
,FieldShovel,other,1.8000,CONSTRUCTION & SPARE PARTS
,UnderSlugGrenadeM4,other,1.9540,TIER 3 / MILITARY
,GreatHelm,other,2.0000,TIER 3 / MILITARY
,NorseHelm,other,2.0000,TIER 3 / MILITARY
,Headdress_Wolf,other,2.0000,TIER 3 / MILITARY
,CarRadiator,other,2.0000,CONSTRUCTION & SPARE PARTS
,KazuarOptic,other,2.0000,TIER 3 / MILITARY
,ImprovisedExplosive,other,2.0000,TIER 3 / MILITARY
,ImprovisedExplosivePlacing,other,2.0000,TIER 3 / MILITARY
,Firewood,other,2.0000,TIER 3 / MILITARY
,FoxPelt,other,2.0000,TIER 3 / MILITARY
,OH_sleeping_matrass_Kit,other,2.0000,TIER 3 / MILITARY
,OH_sleeping_matrass,other,2.0000,TIER 3 / MILITARY
,SawedoffB95,tools,2.0000,TIER 3 / MILITARY
,LongHorn,other,2.0500,TIER 3 / MILITARY
,Vikhr,other,2.2000,TIER 3 / MILITARY
,Ruger1022,other,2.3000,TIER 3 / MILITARY
,Megaphone,other,2.4000,TIER 3 / MILITARY
,Pickaxe,tools,2.5000,CONSTRUCTION & SPARE PARTS
,NailBox,other,2.5400,TIER 3 / MILITARY
,FirefighterAxe,tools,2.6000,CONSTRUCTION & SPARE PARTS
,FirefighterAxe_Black,tools,2.6000,CONSTRUCTION & SPARE PARTS
,FirefighterAxe_Green,tools,2.6000,CONSTRUCTION & SPARE PARTS
,SawedoffIzh18Shotgun,tools,2.6000,TIER 3 / MILITARY
,SawedoffIzh43Shotgun,tools,2.6000,TIER 3 / MILITARY
,CattleProd,other,2.7000,TIER 3 / MILITARY
,Crossbow,other,2.7000,TIER 3 / MILITARY
,Crossbow_Autumn,other,2.7000,TIER 3 / MILITARY
,Crossbow_Black,other,2.7000,TIER 3 / MILITARY
,Crossbow_Summer,other,2.7000,TIER 3 / MILITARY
,Crossbow_Wood,other,2.7000,TIER 3 / MILITARY
,M14,other,2.7000,TIER 3 / MILITARY
,M79,other,2.7000,TIER 3 / MILITARY
,Repeater,other,2.7200,TIER 3 / MILITARY
,SawedoffIzh18,tools,2.8000,TIER 3 / MILITARY
,B95,other,2.8200,TIER 3 / MILITARY
,B95_Black,other,2.8200,TIER 3 / MILITARY
,B95_Green,other,2.8200,TIER 3 / MILITARY
,PNC_W_AR15Skeleton,other,2.9760,TIER 3 / MILITARY
,Headdress_Bear,other,3.0000,TIER 3 / MILITARY
,ClaymoreMine,other,3.0000,TIER 3 / MILITARY
,ClaymoreMinePlacing,other,3.0000,TIER 3 / MILITARY
,GoatPelt,other,3.0000,TIER 3 / MILITARY
,Shovel,other,3.0000,CONSTRUCTION & SPARE PARTS
,Scout,other,3.0000,TIER 3 / MILITARY
,Scout_Chernarus,other,3.0000,TIER 3 / MILITARY
,Scout_Livonia,other,3.0000,TIER 3 / MILITARY
,Izh43Shotgun,other,3.1000,TIER 3 / MILITARY
,GhillieSuit_Tan,other,3.2000,TIER 3 / MILITARY
,GhillieSuit_Woodland,other,3.2000,TIER 3 / MILITARY
,GhillieSuit_Mossy,other,3.2000,TIER 3 / MILITARY
,GhillieSuit_Winter,other,3.2000,TIER 3 / MILITARY
,Pipe,other,3.2000,TIER 3 / MILITARY
,Izh18,other,3.2000,TIER 3 / MILITARY
,Izh18Shotgun,other,3.2000,TIER 3 / MILITARY
,R12,other,3.2600,TIER 3 / MILITARY
,CZ550,other,3.3000,TIER 3 / MILITARY
,OH_K6_green,other,3.5000,UNDERGROUND
,OH_K6_black,other,3.5000,UNDERGROUND
,OH_zsh1_m2_green,other,3.5000,UNDERGROUND
,OH_zsh1_m2_black,other,3.5000,UNDERGROUND
,OH_zsh1_m2_abibas,other,3.5000,UNDERGROUND
,PNC_W_ASh127,other,3.5000,TIER 3 / MILITARY
,PNC_W_ASh127_camo,other,3.5000,TIER 3 / MILITARY
,PNC_W_AN94Abakan,other,3.5000,TIER 3 / MILITARY
,Saiga,other,3.6000,TIER 3 / MILITARY
,PNC_W_RemingtonR5,other,3.6000,TIER 3 / MILITARY
,PNC_W_RemingtonR5_tan,other,3.6000,TIER 3 / MILITARY
,PNC_W_VR80,other,3.7550,TIER 3 / MILITARY
,PNC_W_G36,other,3.8000,TIER 3 / MILITARY
,PNC_W_G36_camo,other,3.8000,TIER 3 / MILITARY
,PNC_W_G36_hive,other,3.8000,TIER 3 / MILITARY
,PNC_W_G36_kryp,other,3.8000,TIER 3 / MILITARY
,PNC_W_MK14,other,3.8000,TIER 3 / MILITARY
,PNC_W_AR15_Long,other,3.9000,TIER 3 / MILITARY
,PNC_W_AR15_Long_camo,other,3.9000,TIER 3 / MILITARY
,PNC_W_AR15_Long_kryp,other,3.9000,TIER 3 / MILITARY
,PNC_W_AR15_Long_hive,other,3.9000,TIER 3 / MILITARY
,PNC_W_Beowulf50,other,3.9700,TIER 3 / MILITARY
,PNC_W_Beowulf50_camo,other,3.9700,TIER 3 / MILITARY
,PNC_W_Beowulf50_kryp,other,3.9700,TIER 3 / MILITARY
,PNC_W_Beowulf50_hive,other,3.9700,TIER 3 / MILITARY
,GiftBox_Small_1,other,4.0000,TIER 3 / MILITARY
,GiftBox_Small_2,other,4.0000,TIER 3 / MILITARY
,GiftBox_Small_3,other,4.0000,TIER 3 / MILITARY
,GiftBox_Small_4,other,4.0000,TIER 3 / MILITARY
,CanisterGasoline,food,4.0000,TIER 1 & 2
,FC_Water_Canister,food,4.0000,TIER 1 & 2
,PNC_W_RemingtonACR_Tan,other,4.0000,TIER 3 / MILITARY
,PNC_W_RemingtonACR_Black,other,4.0000,TIER 3 / MILITARY
,SingularityCannon,food,4.0000,TIER 1 & 2
,PNC_W_HoneyBadger,other,4.2000,TIER 3 / MILITARY
,PNC_W_HoneyBadger_black,other,4.2000,TIER 3 / MILITARY
,PNC_W_HoneyBadger_camo,other,4.2000,TIER 3 / MILITARY
,PNC_W_HoneyBadger_camo2,other,4.2000,TIER 3 / MILITARY
,PNC_W_HoneyBadger_kry,other,4.2000,TIER 3 / MILITARY
,PNC_W_HoneyBadger_kitty,other,4.2000,TIER 3 / MILITARY
,PNC_W_HoneyBadger_sweetish,other,4.2000,TIER 3 / MILITARY
,PipeWrench,tools,4.4000,TIER 3 / MILITARY
,Crowbar,other,4.4000,TIER 3 / MILITARY
,SSG82,other,4.5000,TIER 3 / MILITARY
,PNC_W_M14,other,4.5000,TIER 3 / MILITARY
,PNC_W_RPK16_Black,other,4.5000,TIER 3 / MILITARY
,PNC_W_RPK16_green,other,4.5000,TIER 3 / MILITARY
,PNC_W_RPK16_Tan,other,4.5000,TIER 3 / MILITARY
,PNC_W_DVL10,other,4.8200,TIER 3 / MILITARY
,PNC_W_SuperSniper,other,4.9000,TIER 4 / ALIEN
,Chainmail_Coif,other,5.0000,TIER 3 / MILITARY
,Chestplate,other,5.0000,TIER 3 / MILITARY
,CableReel,other,5.0000,TIER 3 / MILITARY
,BatteryCharger,other,5.0000,CONSTRUCTION & SPARE PARTS
,HescoBox,other,5.0000,TIER 3 / MILITARY
,HumanSkull,other,5.0000,TIER 3 / MILITARY
,DeerPelt,other,5.0000,TIER 3 / MILITARY
,SheepPelt,other,5.0000,TIER 3 / MILITARY
,PileOfWoodenPlanks,other,5.0000,CONSTRUCTION & SPARE PARTS
,SledgeHammer,tools,5.0000,CONSTRUCTION & SPARE PARTS
,FireworksLauncher,other,5.0000,TIER 3 / MILITARY
,Anniversary_FireworksLauncher,other,5.0000,TIER 3 / MILITARY
,OH_water_bottle_blue,food,5.0000,TIER 1 & 2
,Chainsaw,tools,5.8000,TIER 3 / MILITARY
,SV98,other,5.8000,TIER 3 / MILITARY
,PNC_W_Origin_12ga,other,5.8000,TIER 3 / MILITARY
,LegsCover_Improvised,other,6.0000,TIER 3 / MILITARY
,Bear_Beige,other,6.0000,TIER 3 / MILITARY
,Bear_Dark,other,6.0000,TIER 3 / MILITARY
,Bear_Pink,other,6.0000,TIER 3 / MILITARY
,Bear_White,other,6.0000,TIER 3 / MILITARY
,Legging_Shorts_Black,other,6.0000,TIER 3 / MILITARY
,HipPack_Black,other,6.0000,TIER 3 / MILITARY
,HipPack_Green,other,6.0000,TIER 3 / MILITARY
,HipPack_Medical,medic,6.0000,TIER 3 / MILITARY
,HipPack_Party,other,6.0000,TIER 3 / MILITARY
,ReindeerPelt,other,6.0000,TIER 3 / MILITARY
,WolfPelt,other,6.0000,TIER 3 / MILITARY
,PNC_W_ORSIST5000,other,6.3000,TIER 3 / MILITARY
,PNC_W_AWM,other,6.9500,TIER 4 / ALIEN
,PNC_W_AWM_Sand,other,6.9500,TIER 4 / ALIEN
,PNC_W_AWM_Snow,other,6.9500,TIER 4 / ALIEN
,PigPelt,other,7.0000,TIER 3 / MILITARY
,OH_Gunrack_double,other,7.0000,TIER 3 / MILITARY
,OH_garage_shelf,other,7.0000,TIER 3 / MILITARY
,OH_Gunrack,other,7.0000,TIER 3 / MILITARY
,OH_gunshelf,other,7.0000,TIER 3 / MILITARY
,OH_gunshelf_cover,other,7.0000,TIER 3 / MILITARY
,OH_metal_shelving_barrel,other,7.0000,TIER 3 / MILITARY
,OH_metal_shelving_barrel_big,other,7.0000,TIER 3 / MILITARY
,OH_shelf_materials,other,7.0000,TIER 3 / MILITARY
,OH_shelf_stand,other,7.0000,TIER 3 / MILITARY
,OH_workbench,other,7.0000,TIER 3 / MILITARY
,OH_suit_case_1,other,7.0000,TIER 3 / MILITARY
,LAW,other,7.0000,TIER 3 / MILITARY
,RPG7,other,7.0000,TIER 3 / MILITARY
,PNC_W_RemingtonMSR,other,7.5000,TIER 3 / MILITARY
,PNC_W_PKP,other,7.6500,TIER 3 / MILITARY
,FireExtinguisher,other,7.7000,TIER 3 / MILITARY
,Skirt_Blue,other,8.0000,TIER 3 / MILITARY
,Skirt_Red,other,8.0000,TIER 3 / MILITARY
,Skirt_White,other,8.0000,TIER 3 / MILITARY
,Skirt_Yellow,other,8.0000,TIER 3 / MILITARY
,Chainmail_Leggings,other,8.0000,TIER 3 / MILITARY
,OH_6b13_single_desert,other,8.0000,TIER 3 / MILITARY
,OH_6b13_single_desert_dirt,other,8.0000,TIER 3 / MILITARY
,OH_6b13_single_flora,other,8.0000,TIER 3 / MILITARY
,OH_6b13_single_flora_dirt,other,8.0000,TIER 3 / MILITARY
,OH_6b13_single_pixel_green,other,8.0000,TIER 3 / MILITARY
,OH_6b13_single_pixel_green_dirt,other,8.0000,TIER 3 / MILITARY
,OH_6b13_single_black,other,8.0000,TIER 3 / MILITARY
,OH_6b13_single_black_pixel,other,8.0000,TIER 3 / MILITARY
,OH_jpc,other,8.0000,TIER 3 / MILITARY
,PNC_W_AX50_2,other,8.1540,TIER 4 / ALIEN
,PNC_W_AX50_2_camo,other,8.1540,TIER 4 / ALIEN
,PNC_W_AX50_2_hive,other,8.1540,TIER 4 / ALIEN
,PNC_W_Aurora,other,8.4000,TIER 3 / MILITARY
,TorsoCover_Improvised,other,9.0000,TIER 3 / MILITARY
,MiniDress_Pink,other,9.0000,TIER 3 / MILITARY
,MiniDress_PinkChecker,other,9.0000,TIER 3 / MILITARY
,MiniDress_RedChecker,other,9.0000,TIER 3 / MILITARY
,MiniDress_WhiteChecker,other,9.0000,TIER 3 / MILITARY
,MiniDress_GreenChecker,other,9.0000,TIER 3 / MILITARY
,MiniDress_BrownChecker,other,9.0000,TIER 3 / MILITARY
,MiniDress_BlueChecker,other,9.0000,TIER 3 / MILITARY
,MiniDress_BlueWithDots,other,9.0000,TIER 3 / MILITARY
,Blouse_Blue,other,9.0000,TIER 3 / MILITARY
,Blouse_Green,other,9.0000,TIER 3 / MILITARY
,Blouse_Violet,other,9.0000,TIER 3 / MILITARY
,Blouse_White,other,9.0000,TIER 3 / MILITARY
,FirstAidKit,medic,9.0000,TIER 3 / MILITARY
,WildboarPelt,other,9.0000,TIER 3 / MILITARY
,OH_vx_pouch_3_black,other,9.0000,TIER 3 / MILITARY
,OH_vx_pouch_3_olive,other,9.0000,TIER 3 / MILITARY
,OH_vx_pouch_3_1_black,other,9.0000,TIER 3 / MILITARY
,OH_vx_pouch_3_1_olive,other,9.0000,TIER 3 / MILITARY
,OH_vx_pouch_4_black,other,9.0000,TIER 3 / MILITARY
,OH_vx_pouch_4_olive,other,9.0000,TIER 3 / MILITARY
,OH_vx_pouch_4_1_black,other,9.0000,TIER 3 / MILITARY
,OH_vx_pouch_4_1_olive,other,9.0000,TIER 3 / MILITARY
,OH_vx_pouch_4_2_black,other,9.0000,TIER 3 / MILITARY
,OH_vx_pouch_4_2_olive,other,9.0000,TIER 3 / MILITARY
,BRDK_SimpleLootbox,other,10.0000,TIER 3 / MILITARY
,BRDK_SimpleLootbox_2,other,10.0000,TIER 3 / MILITARY
,BRDK_SimpleLootbox_3,other,10.0000,TIER 3 / MILITARY
,CamoNetShelter,other,10.0000,TIER 3 / MILITARY
,SeaChest,other,10.0000,TIER 3 / MILITARY
,AnniversaryBox,other,10.0000,TIER 3 / MILITARY
,WoodenCrate,other,10.0000,TIER 3 / MILITARY
,Barrel_Green,other,10.0000,TIER 3 / MILITARY
,Barrel_Blue,other,10.0000,TIER 3 / MILITARY
,Barrel_Red,other,10.0000,TIER 3 / MILITARY
,Barrel_Yellow,other,10.0000,TIER 3 / MILITARY
,BaseRadio,other,10.0000,TIER 3 / MILITARY
,CarBattery,other,10.0000,CONSTRUCTION & SPARE PARTS
,rm_WTFence_Big_Hologram,other,10.0000,TIER 3 / MILITARY
,rm_WTFence_Big,other,10.0000,TIER 3 / MILITARY
,rm_WTFence_Medium_Hologram,other,10.0000,TIER 3 / MILITARY
,rm_WTFence_Medium,other,10.0000,TIER 3 / MILITARY
,rm_WTFence_MediumOpenUP_Hologram,other,10.0000,TIER 3 / MILITARY
,rm_WTFence_MediumOpenUP,other,10.0000,TIER 3 / MILITARY
,rm_Watchtower_Hologram,other,10.0000,TIER 3 / MILITARY
,rm_Watchtower,other,10.0000,TIER 3 / MILITARY
,Leather_Cloak_down,other,10.0000,TIER 3 / MILITARY
,Leather_Cloak_up,other,10.0000,TIER 3 / MILITARY
,Leather_Cloak,other,10.0000,TIER 3 / MILITARY
,BRDK_RandomBox,other,10.0000,TIER 3 / MILITARY
,BRDK_RandomBox_black,other,10.0000,TIER 3 / MILITARY
,BRDK_RandomBox_Military,other,10.0000,TIER 3 / MILITARY
,BRDK_RandomBox_Medical,other,10.0000,TIER 3 / MILITARY
,BRDK_Mid_RandomBox_army,other,10.0000,TIER 3 / MILITARY
,BRDK_Mid_RandomBox_Police,other,10.0000,TIER 3 / MILITARY
,BRDK_Mid_RandomBox_FireF,other,10.0000,TIER 3 / MILITARY
,BRDK_W_RandomBox_3_black,other,10.0000,TIER 3 / MILITARY
,BRDK_W_RandomBox_3_Tan,other,10.0000,TIER 3 / MILITARY
,BRDK_W_RandomBox_3_Green,other,10.0000,TIER 3 / MILITARY
,Lada4x4_Cover,other,10.0000,TIER 3 / MILITARY
,Lada4x4_Cover_Desert,other,10.0000,TIER 3 / MILITARY
,Volga_Cover,other,10.0000,TIER 3 / MILITARY
,Volga_Cover_Desert,other,10.0000,TIER 3 / MILITARY
,Skoda120_Cover,other,10.0000,TIER 3 / MILITARY
,Skoda120_Cover_Desert,other,10.0000,TIER 3 / MILITARY
,Golf_Cover,other,10.0000,TIER 3 / MILITARY
,Golf_Cover_Desert,other,10.0000,TIER 3 / MILITARY
,V3S_Cover,other,10.0000,TIER 3 / MILITARY
,V3S_Cover_Desert,other,10.0000,TIER 3 / MILITARY
,Hummer_Cover,other,10.0000,TIER 3 / MILITARY
,Hummer_Cover_Winter,other,10.0000,TIER 3 / MILITARY
,Hummer_Cover_Civil,other,10.0000,TIER 3 / MILITARY
,Hummer_Cover_Desert,other,10.0000,TIER 3 / MILITARY
,TrolleyKart_Cover,other,10.0000,TIER 3 / MILITARY
,TrolleyKart_Cover_Desert,other,10.0000,TIER 3 / MILITARY
,IRPLandRoverDefender_Cover,other,10.0000,TIER 3 / MILITARY
,IRPLandRoverDefender_Cover_Desert,other,10.0000,TIER 3 / MILITARY
,ZIL130_Cover,other,10.0000,TIER 3 / MILITARY
,ZIL130_Cover_Desert,other,10.0000,TIER 3 / MILITARY
,LadaPickup_Cover,other,10.0000,TIER 3 / MILITARY
,LadaPickup_Cover_Desert,other,10.0000,TIER 3 / MILITARY
,LadaPickupFire_Cover,other,10.0000,TIER 3 / MILITARY
,LadaPickupFire_Cover_Desert,other,10.0000,TIER 3 / MILITARY
,BlackoutsCorvette_Cover,other,10.0000,TIER 3 / MILITARY
,BlackoutsCorvette_Cover_Desert,other,10.0000,TIER 3 / MILITARY
,Kamaz_Cover,other,10.0000,TIER 3 / MILITARY
,Kamaz_Cover_Desert,other,10.0000,TIER 3 / MILITARY
,SavageBTRHT_Cover,other,10.0000,TIER 3 / MILITARY
,SavageBTRHT_Cover_Desert,other,10.0000,TIER 3 / MILITARY
,SavageLiftedTahoe_Cover,other,10.0000,TIER 3 / MILITARY
,SavageLiftedTahoe_Cover_Desert,other,10.0000,TIER 3 / MILITARY
,Skoda1203_Cover,other,10.0000,TIER 3 / MILITARY
,Skoda1203_Cover_Desert,other,10.0000,TIER 3 / MILITARY
,HMVVEEErag_Cover,other,10.0000,TIER 3 / MILITARY
,HMVVEEErag_Cover_Desert,other,10.0000,TIER 3 / MILITARY
,UAZ469kirman_Cover,other,10.0000,TIER 3 / MILITARY
,UAZ469kirman_Cover_Desert,other,10.0000,TIER 3 / MILITARY
,MercedesG65_Cover,other,10.0000,TIER 3 / MILITARY
,MercedesG65_Cover_Desert,other,10.0000,TIER 3 / MILITARY
,ExpansionMh6_Cover,other,10.0000,TIER 3 / MILITARY
,ExpansionMh6_Cover_Desert,other,10.0000,TIER 3 / MILITARY
,ExpansionUh1h_Cover,other,10.0000,TIER 3 / MILITARY
,ExpansionUh1h_Cover_Desert,other,10.0000,TIER 3 / MILITARY
,ExpansionMerlin_Cover,other,10.0000,TIER 3 / MILITARY
,ExpansionMerlin_Cover_Desert,other,10.0000,TIER 3 / MILITARY
,ExpansionGyro_Cover,other,10.0000,TIER 3 / MILITARY
,ExpansionGyro_Cover_Desert,other,10.0000,TIER 3 / MILITARY
,ExpansionUAZ_Cover,other,10.0000,TIER 3 / MILITARY
,ExpansionUAZ_Cover_Desert,other,10.0000,TIER 3 / MILITARY
,ExpansionVodnik_Cover,other,10.0000,TIER 3 / MILITARY
,ExpansionVodnik_Cover_Desert,other,10.0000,TIER 3 / MILITARY
,ExpansionBus_Cover,other,10.0000,TIER 3 / MILITARY
,ExpansionBus_Cover_Desert,other,10.0000,TIER 3 / MILITARY
,ExpansionTractor_Cover,other,10.0000,TIER 3 / MILITARY
,ExpansionTractor_Cover_Desert,other,10.0000,TIER 3 / MILITARY
,BMW525_Cover,other,10.0000,TIER 3 / MILITARY
,BMW525_Cover_Desert,other,10.0000,TIER 3 / MILITARY
,RagLandrover_Cover,other,10.0000,TIER 3 / MILITARY
,RagLandrover_Cover_Desert,other,10.0000,TIER 3 / MILITARY
,VeeDub_Cover,other,10.0000,TIER 3 / MILITARY
,VeeDub_Cover_Desert,other,10.0000,TIER 3 / MILITARY
,ZeroyJeepWillys_Cover,other,10.0000,TIER 3 / MILITARY
,ZeroyJeepWillys_Cover_Desert,other,10.0000,TIER 3 / MILITARY
,CrSkZil131_Cover,other,10.0000,TIER 3 / MILITARY
,CrSkZil131_Cover_Desert,other,10.0000,TIER 3 / MILITARY
,SkyJeep_Cover,other,10.0000,TIER 3 / MILITARY
,SkyJeep_Cover_Desert,other,10.0000,TIER 3 / MILITARY
,Kopter_Cover,other,10.0000,TIER 3 / MILITARY
,Kopter_Cover_Desert,other,10.0000,TIER 3 / MILITARY
,Bruiser_Cover,other,10.0000,TIER 3 / MILITARY
,Bruiser_Cover_Desert,other,10.0000,TIER 3 / MILITARY
,SavageSherpa_Cover,other,10.0000,TIER 3 / MILITARY
,SavageSherpa_Cover_Desert,other,10.0000,TIER 3 / MILITARY
,TrolleyEKart_Cover,other,10.0000,TIER 3 / MILITARY
,TrolleyEKart_Cover_Desert,other,10.0000,TIER 3 / MILITARY
,RagMTVR_Cover,other,10.0000,TIER 3 / MILITARY
,RagMTVR_Cover_Desert,other,10.0000,TIER 3 / MILITARY
,MungATV_Cover,other,10.0000,TIER 3 / MILITARY
,MungATV_Cover_Desert,other,10.0000,TIER 3 / MILITARY
,CZLandrover_Cover,other,10.0000,TIER 3 / MILITARY
,CZLandrover_Cover_Desert,other,10.0000,TIER 3 / MILITARY
,CarsPlusGolf_Cover,other,10.0000,TIER 3 / MILITARY
,CarsPlusGolf_Cover_Desert,other,10.0000,TIER 3 / MILITARY
,CarsPlusNiva_Cover,other,10.0000,TIER 3 / MILITARY
,CarsPlusNiva_Cover_Desert,other,10.0000,TIER 3 / MILITARY
,CarsPlusSkoda_Cover,other,10.0000,TIER 3 / MILITARY
,CarsPlusSkoda_Cover_Desert,other,10.0000,TIER 3 / MILITARY
,CarsPlusVolga_Cover,other,10.0000,TIER 3 / MILITARY
,CarsPlusVolga_Cover_Desert,other,10.0000,TIER 3 / MILITARY
,BlackoutsBaja_Cover,other,10.0000,TIER 3 / MILITARY
,BlackoutsBaja_Cover_Desert,other,10.0000,TIER 3 / MILITARY
,LandroverPickup_Cover,other,10.0000,TIER 3 / MILITARY
,LandroverPickup_Cover_Desert,other,10.0000,TIER 3 / MILITARY
,CougarMRAP_Cover,other,10.0000,TIER 3 / MILITARY
,CougarMRAP_Cover_Desert,other,10.0000,TIER 3 / MILITARY
,Dingo_Cover,other,10.0000,TIER 3 / MILITARY
,Dingo_Cover_Desert,other,10.0000,TIER 3 / MILITARY
,RagGAZ69_Cover,other,10.0000,TIER 3 / MILITARY
,RagGAZ69_Cover_Desert,other,10.0000,TIER 3 / MILITARY
,UAZ469H4_Cover,other,10.0000,TIER 3 / MILITARY
,UAZ469H4_Cover_Desert,other,10.0000,TIER 3 / MILITARY
,CrSkTyphoon_Cover,other,10.0000,TIER 3 / MILITARY
,CrSkTyphoon_Cover_Desert,other,10.0000,TIER 3 / MILITARY
,RagHummerRefresh_Cover,other,10.0000,TIER 3 / MILITARY
,RagHummerRefresh_Cover_Desert,other,10.0000,TIER 3 / MILITARY
,CJ187GAZ66_Cover,other,10.0000,TIER 3 / MILITARY
,CJ187GAZ66_Cover_Desert,other,10.0000,TIER 3 / MILITARY
,CJ187Hummer_Cover,other,10.0000,TIER 3 / MILITARY
,CJ187Hummer_Cover_Desert,other,10.0000,TIER 3 / MILITARY
,CJ187UAZ_Cover,other,10.0000,TIER 3 / MILITARY
,CJ187UAZ_Cover_Desert,other,10.0000,TIER 3 / MILITARY
,CrSkVAZ2107_Cover,other,10.0000,TIER 3 / MILITARY
,CrSkVAZ2107_Cover_Desert,other,10.0000,TIER 3 / MILITARY
,Lada4x4_Cover_Winter,other,10.0000,TIER 3 / MILITARY
,Volga_Cover_Winter,other,10.0000,TIER 3 / MILITARY
,Skoda120_Cover_Winter,other,10.0000,TIER 3 / MILITARY
,Golf_Cover_Winter,other,10.0000,TIER 3 / MILITARY
,V3S_Cover_Winter,other,10.0000,TIER 3 / MILITARY
,TrolleyKart_Cover_Winter,other,10.0000,TIER 3 / MILITARY
,IRPLandRoverDefender_Cover_Winter,other,10.0000,TIER 3 / MILITARY
,ZIL130_Cover_Winter,other,10.0000,TIER 3 / MILITARY
,LadaPickup_Cover_Winter,other,10.0000,TIER 3 / MILITARY
,LadaPickupFire_Cover_Winter,other,10.0000,TIER 3 / MILITARY
,BlackoutsCorvette_Cover_Winter,other,10.0000,TIER 3 / MILITARY
,Kamaz_Cover_Winter,other,10.0000,TIER 3 / MILITARY
,SavageBTRHT_Cover_Winter,other,10.0000,TIER 3 / MILITARY
,SavageLiftedTahoe_Cover_Winter,other,10.0000,TIER 3 / MILITARY
,Skoda1203_Cover_Winter,other,10.0000,TIER 3 / MILITARY
,HMVVEEErag_Cover_Winter,other,10.0000,TIER 3 / MILITARY
,UAZ469kirman_Cover_Winter,other,10.0000,TIER 3 / MILITARY
,MercedesG65_Cover_Winter,other,10.0000,TIER 3 / MILITARY
,ExpansionMh6_Cover_Winter,other,10.0000,TIER 3 / MILITARY
,ExpansionUh1h_Cover_Winter,other,10.0000,TIER 3 / MILITARY
,ExpansionMerlin_Cover_Winter,other,10.0000,TIER 3 / MILITARY
,ExpansionGyro_Cover_Winter,other,10.0000,TIER 3 / MILITARY
,ExpansionUAZ_Cover_Winter,other,10.0000,TIER 3 / MILITARY
,ExpansionVodnik_Cover_Winter,other,10.0000,TIER 3 / MILITARY
,ExpansionBus_Cover_Winter,other,10.0000,TIER 3 / MILITARY
,ExpansionTractor_Cover_Winter,other,10.0000,TIER 3 / MILITARY
,BMW525_Cover_Winter,other,10.0000,TIER 3 / MILITARY
,RagLandrover_Cover_Winter,other,10.0000,TIER 3 / MILITARY
,VeeDub_Cover_Winter,other,10.0000,TIER 3 / MILITARY
,ZeroyJeepWillys_Cover_Winter,other,10.0000,TIER 3 / MILITARY
,CrSkZil131_Cover_Winter,other,10.0000,TIER 3 / MILITARY
,SkyJeep_Cover_Winter,other,10.0000,TIER 3 / MILITARY
,Kopter_Cover_Winter,other,10.0000,TIER 3 / MILITARY
,Bruiser_Cover_Winter,other,10.0000,TIER 3 / MILITARY
,SavageSherpa_Cover_Winter,other,10.0000,TIER 3 / MILITARY
,TrolleyEKart_Cover_Winter,other,10.0000,TIER 3 / MILITARY
,RagMTVR_Cover_Winter,other,10.0000,TIER 3 / MILITARY
,MungATV_Cover_Winter,other,10.0000,TIER 3 / MILITARY
,CZLandrover_Cover_Winter,other,10.0000,TIER 3 / MILITARY
,CarsPlusGolf_Cover_Winter,other,10.0000,TIER 3 / MILITARY
,CarsPlusNiva_Cover_Winter,other,10.0000,TIER 3 / MILITARY
,CarsPlusSkoda_Cover_Winter,other,10.0000,TIER 3 / MILITARY
,CarsPlusVolga_Cover_Winter,other,10.0000,TIER 3 / MILITARY
,BlackoutsBaja_Cover_Winter,other,10.0000,TIER 3 / MILITARY
,LandroverPickup_Cover_Winter,other,10.0000,TIER 3 / MILITARY
,CougarMRAP_Cover_Winter,other,10.0000,TIER 3 / MILITARY
,Dingo_Cover_Winter,other,10.0000,TIER 3 / MILITARY
,RagGAZ69_Cover_Winter,other,10.0000,TIER 3 / MILITARY
,UAZ469H4_Cover_Winter,other,10.0000,TIER 3 / MILITARY
,CrSkTyphoon_Cover_Winter,other,10.0000,TIER 3 / MILITARY
,RagHummerRefresh_Cover_Winter,other,10.0000,TIER 3 / MILITARY
,CJ187GAZ66_Cover_Winter,other,10.0000,TIER 3 / MILITARY
,CJ187Hummer_Cover_Winter,other,10.0000,TIER 3 / MILITARY
,CJ187UAZ_Cover_Winter,other,10.0000,TIER 3 / MILITARY
,CrSkVAZ2107_Cover_Winter,other,10.0000,TIER 3 / MILITARY
,Lada4x4_Cover_Civil,other,10.0000,TIER 3 / MILITARY
,Volga_Cover_Civil,other,10.0000,TIER 3 / MILITARY
,Skoda120_Cover_Civil,other,10.0000,TIER 3 / MILITARY
,Golf_Cover_Civil,other,10.0000,TIER 3 / MILITARY
,V3S_Cover_Civil,other,10.0000,TIER 3 / MILITARY
,TrolleyKart_Cover_Civil,other,10.0000,TIER 3 / MILITARY
,IRPLandRoverDefender_Cover_Civil,other,10.0000,TIER 3 / MILITARY
,ZIL130_Cover_Civil,other,10.0000,TIER 3 / MILITARY
,LadaPickup_Cover_Civil,other,10.0000,TIER 3 / MILITARY
,LadaPickupFire_Cover_Civil,other,10.0000,TIER 3 / MILITARY
,BlackoutsCorvette_Cover_Civil,other,10.0000,TIER 3 / MILITARY
,Kamaz_Cover_Civil,other,10.0000,TIER 3 / MILITARY
,SavageBTRHT_Cover_Civil,other,10.0000,TIER 3 / MILITARY
,SavageLiftedTahoe_Cover_Civil,other,10.0000,TIER 3 / MILITARY
,Skoda1203_Cover_Civil,other,10.0000,TIER 3 / MILITARY
,HMVVEEErag_Cover_Civil,other,10.0000,TIER 3 / MILITARY
,UAZ469kirman_Cover_Civil,other,10.0000,TIER 3 / MILITARY
,MercedesG65_Cover_Civil,other,10.0000,TIER 3 / MILITARY
,ExpansionMh6_Cover_Civil,other,10.0000,TIER 3 / MILITARY
,ExpansionUh1h_Cover_Civil,other,10.0000,TIER 3 / MILITARY
,ExpansionMerlin_Cover_Civil,other,10.0000,TIER 3 / MILITARY
,ExpansionGyro_Cover_Civil,other,10.0000,TIER 3 / MILITARY
,ExpansionUAZ_Cover_Civil,other,10.0000,TIER 3 / MILITARY
,ExpansionVodnik_Cover_Civil,other,10.0000,TIER 3 / MILITARY
,ExpansionBus_Cover_Civil,other,10.0000,TIER 3 / MILITARY
,ExpansionTractor_Cover_Civil,other,10.0000,TIER 3 / MILITARY
,BMW525_Cover_Civil,other,10.0000,TIER 3 / MILITARY
,RagLandrover_Cover_Civil,other,10.0000,TIER 3 / MILITARY
,VeeDub_Cover_Civil,other,10.0000,TIER 3 / MILITARY
,ZeroyJeepWillys_Cover_Civil,other,10.0000,TIER 3 / MILITARY
,CrSkZil131_Cover_Civil,other,10.0000,TIER 3 / MILITARY
,SkyJeep_Cover_Civil,other,10.0000,TIER 3 / MILITARY
,Kopter_Cover_Civil,other,10.0000,TIER 3 / MILITARY
,Bruiser_Cover_Civil,other,10.0000,TIER 3 / MILITARY
,SavageSherpa_Cover_Civil,other,10.0000,TIER 3 / MILITARY
,TrolleyEKart_Cover_Civil,other,10.0000,TIER 3 / MILITARY
,RagMTVR_Cover_Civil,other,10.0000,TIER 3 / MILITARY
,MungATV_Cover_Civil,other,10.0000,TIER 3 / MILITARY
,CZLandrover_Cover_Civil,other,10.0000,TIER 3 / MILITARY
,CarsPlusGolf_Cover_Civil,other,10.0000,TIER 3 / MILITARY
,CarsPlusNiva_Cover_Civil,other,10.0000,TIER 3 / MILITARY
,CarsPlusSkoda_Cover_Civil,other,10.0000,TIER 3 / MILITARY
,CarsPlusVolga_Cover_Civil,other,10.0000,TIER 3 / MILITARY
,BlackoutsBaja_Cover_Civil,other,10.0000,TIER 3 / MILITARY
,LandroverPickup_Cover_Civil,other,10.0000,TIER 3 / MILITARY
,CougarMRAP_Cover_Civil,other,10.0000,TIER 3 / MILITARY
,Dingo_Cover_Civil,other,10.0000,TIER 3 / MILITARY
,RagGAZ69_Cover_Civil,other,10.0000,TIER 3 / MILITARY
,UAZ469H4_Cover_Civil,other,10.0000,TIER 3 / MILITARY
,CrSkTyphoon_Cover_Civil,other,10.0000,TIER 3 / MILITARY
,RagHummerRefresh_Cover_Civil,other,10.0000,TIER 3 / MILITARY
,CJ187GAZ66_Cover_Civil,other,10.0000,TIER 3 / MILITARY
,CJ187Hummer_Cover_Civil,other,10.0000,TIER 3 / MILITARY
,CJ187UAZ_Cover_Civil,other,10.0000,TIER 3 / MILITARY
,CrSkVAZ2107_Cover_Civil,other,10.0000,TIER 3 / MILITARY
,Chevy_C10_Cover,other,10.0000,TIER 3 / MILITARY
,Chevy_C10_Cover_Winter,other,10.0000,TIER 3 / MILITARY
,Chevy_C10_Cover_Civil,other,10.0000,TIER 3 / MILITARY
,Chevy_C10_Cover_Desert,other,10.0000,TIER 3 / MILITARY
,dbo_tractor_Cover,other,10.0000,TIER 3 / MILITARY
,dbo_tractor_Cover_Winter,other,10.0000,TIER 3 / MILITARY
,dbo_tractor_Cover_Civil,other,10.0000,TIER 3 / MILITARY
,dbo_tractor_Cover_Desert,other,10.0000,TIER 3 / MILITARY
,Glowler_ITV_Cover,other,10.0000,TIER 3 / MILITARY
,Glowler_ITV_Cover_Winter,other,10.0000,TIER 3 / MILITARY
,Glowler_ITV_Cover_Civil,other,10.0000,TIER 3 / MILITARY
,Glowler_ITV_Cover_Desert,other,10.0000,TIER 3 / MILITARY
,Jeep_Wnagler_Cover,other,10.0000,TIER 3 / MILITARY
,Jeep_Wnagler_Cover_Winter,other,10.0000,TIER 3 / MILITARY
,Jeep_Wnagler_Cover_Civil,other,10.0000,TIER 3 / MILITARY
,Jeep_Wnagler_Cover_Desert,other,10.0000,TIER 3 / MILITARY
,LAPV_Cover,other,10.0000,TIER 3 / MILITARY
,LAPV_Cover_Winter,other,10.0000,TIER 3 / MILITARY
,LAPV_Cover_Civil,other,10.0000,TIER 3 / MILITARY
,LAPV_Cover_Desert,other,10.0000,TIER 3 / MILITARY
,RagLandrover110_Cover,other,10.0000,TIER 3 / MILITARY
,RagLandrover110_Cover_Winter,other,10.0000,TIER 3 / MILITARY
,RagLandrover110_Cover_Civil,other,10.0000,TIER 3 / MILITARY
,RagLandrover110_Cover_Desert,other,10.0000,TIER 3 / MILITARY
,BPGaz_Cover,other,10.0000,TIER 3 / MILITARY
,BPGaz_Cover_Winter,other,10.0000,TIER 3 / MILITARY
,BPGaz_Cover_Civil,other,10.0000,TIER 3 / MILITARY
,BPGaz_Cover_Desert,other,10.0000,TIER 3 / MILITARY
,Cherokee1984_Cover,other,10.0000,TIER 3 / MILITARY
,Cherokee1984_Cover_Winter,other,10.0000,TIER 3 / MILITARY
,Cherokee1984_Cover_Civil,other,10.0000,TIER 3 / MILITARY
,Cherokee1984_Cover_Desert,other,10.0000,TIER 3 / MILITARY
,DmnsURAL_Cover,other,10.0000,TIER 3 / MILITARY
,DmnsURAL_Cover_Winter,other,10.0000,TIER 3 / MILITARY
,DmnsURAL_Cover_Civil,other,10.0000,TIER 3 / MILITARY
,DmnsURAL_Cover_Desert,other,10.0000,TIER 3 / MILITARY
,DmnsDatsun_Cover,other,10.0000,TIER 3 / MILITARY
,DmnsDatsun_Cover_Winter,other,10.0000,TIER 3 / MILITARY
,DmnsDatsun_Cover_Civil,other,10.0000,TIER 3 / MILITARY
,DmnsDatsun_Cover_Desert,other,10.0000,TIER 3 / MILITARY
,DmnsHUMVEE_Cover,other,10.0000,TIER 3 / MILITARY
,DmnsHUMVEE_Cover_Winter,other,10.0000,TIER 3 / MILITARY
,DmnsHUMVEE_Cover_Civil,other,10.0000,TIER 3 / MILITARY
,DmnsHUMVEE_Cover_Desert,other,10.0000,TIER 3 / MILITARY
,DmnsKAMAZ_Cover,other,10.0000,TIER 3 / MILITARY
,DmnsKAMAZ_Cover_Winter,other,10.0000,TIER 3 / MILITARY
,DmnsKAMAZ_Cover_Civil,other,10.0000,TIER 3 / MILITARY
,DmnsKAMAZ_Cover_Desert,other,10.0000,TIER 3 / MILITARY
,DmnsMRAP_Cover,other,10.0000,TIER 3 / MILITARY
,DmnsMRAP_Cover_Winter,other,10.0000,TIER 3 / MILITARY
,DmnsMRAP_Cover_Civil,other,10.0000,TIER 3 / MILITARY
,DmnsMRAP_Cover_Desert,other,10.0000,TIER 3 / MILITARY
,DmnsMTVR_Cover,other,10.0000,TIER 3 / MILITARY
,DmnsMTVR_Cover_Winter,other,10.0000,TIER 3 / MILITARY
,DmnsMTVR_Cover_Civil,other,10.0000,TIER 3 / MILITARY
,DmnsMTVR_Cover_Desert,other,10.0000,TIER 3 / MILITARY
,LAMV_Cover,other,10.0000,TIER 3 / MILITARY
,LAMV_Cover_Winter,other,10.0000,TIER 3 / MILITARY
,LAMV_Cover_Civil,other,10.0000,TIER 3 / MILITARY
,LAMV_Cover_Desert,other,10.0000,TIER 3 / MILITARY
,UAZ3303_Cover,other,10.0000,TIER 3 / MILITARY
,UAZ3303_Cover_Winter,other,10.0000,TIER 3 / MILITARY
,UAZ3303_Cover_Civil,other,10.0000,TIER 3 / MILITARY
,UAZ3303_Cover_Desert,other,10.0000,TIER 3 / MILITARY
,NehrTrailBrozer_Cover,other,10.0000,TIER 3 / MILITARY
,NehrTrailBrozer_Cover_Winter,other,10.0000,TIER 3 / MILITARY
,NehrTrailBrozer_Cover_Civil,other,10.0000,TIER 3 / MILITARY
,NehrTrailBrozer_Cover_Desert,other,10.0000,TIER 3 / MILITARY
,PitbullVX_Cover,other,10.0000,TIER 3 / MILITARY
,PitbullVX_Cover_Winter,other,10.0000,TIER 3 / MILITARY
,PitbullVX_Cover_Civil,other,10.0000,TIER 3 / MILITARY
,PitbullVX_Cover_Desert,other,10.0000,TIER 3 / MILITARY
,WickedRV_Cover,other,10.0000,TIER 3 / MILITARY
,WickedRV_Cover_Winter,other,10.0000,TIER 3 / MILITARY
,WickedRV_Cover_Civil,other,10.0000,TIER 3 / MILITARY
,WickedRV_Cover_Desert,other,10.0000,TIER 3 / MILITARY
,NMKAMAZ_Cover,other,10.0000,TIER 3 / MILITARY
,NMKAMAZ_Cover_Winter,other,10.0000,TIER 3 / MILITARY
,NMKAMAZ_Cover_Civil,other,10.0000,TIER 3 / MILITARY
,NMKAMAZ_Cover_Desert,other,10.0000,TIER 3 / MILITARY
,RPMUAZ469_Cover,other,10.0000,TIER 3 / MILITARY
,RPMUAZ469_Cover_Winter,other,10.0000,TIER 3 / MILITARY
,RPMUAZ469_Cover_Civil,other,10.0000,TIER 3 / MILITARY
,RPMUAZ469_Cover_Desert,other,10.0000,TIER 3 / MILITARY
,BS_BMWe32_Cover,other,10.0000,TIER 3 / MILITARY
,BS_BMWe32_Cover_Winter,other,10.0000,TIER 3 / MILITARY
,BS_BMWe32_Cover_Civil,other,10.0000,TIER 3 / MILITARY
,BS_BMWe32_Cover_Desert,other,10.0000,TIER 3 / MILITARY
,BS_Rover_Cover,other,10.0000,TIER 3 / MILITARY
,BS_Rover_Cover_Winter,other,10.0000,TIER 3 / MILITARY
,BS_Rover_Cover_Civil,other,10.0000,TIER 3 / MILITARY
,BS_Rover_Cover_Desert,other,10.0000,TIER 3 / MILITARY
,BS_w123_Cover,other,10.0000,TIER 3 / MILITARY
,BS_w123_Cover_Winter,other,10.0000,TIER 3 / MILITARY
,BS_w123_Cover_Civil,other,10.0000,TIER 3 / MILITARY
,BS_w123_Cover_Desert,other,10.0000,TIER 3 / MILITARY
,BS_CJ7_Cover,other,10.0000,TIER 3 / MILITARY
,BS_CJ7_Cover_Winter,other,10.0000,TIER 3 / MILITARY
,BS_CJ7_Cover_Civil,other,10.0000,TIER 3 / MILITARY
,BS_CJ7_Cover_Desert,other,10.0000,TIER 3 / MILITARY
,TFVaz_2126_Cover,other,10.0000,TIER 3 / MILITARY
,TFVaz_2126_Cover_Winter,other,10.0000,TIER 3 / MILITARY
,TFVaz_2126_Cover_Civil,other,10.0000,TIER 3 / MILITARY
,TFVaz_2126_Cover_Desert,other,10.0000,TIER 3 / MILITARY
,RaG_ATV_Cover,other,10.0000,TIER 3 / MILITARY
,RaG_ATV_Cover_Winter,other,10.0000,TIER 3 / MILITARY
,RaG_ATV_Cover_Civil,other,10.0000,TIER 3 / MILITARY
,RaG_ATV_Cover_Desert,other,10.0000,TIER 3 / MILITARY
,RaG_Schoolbus_Cover,other,10.0000,TIER 3 / MILITARY
,RaG_Schoolbus_Cover_Winter,other,10.0000,TIER 3 / MILITARY
,RaG_Schoolbus_Cover_Civil,other,10.0000,TIER 3 / MILITARY
,RaG_Schoolbus_Cover_Desert,other,10.0000,TIER 3 / MILITARY
,FK_Kraz6322_Cover,other,10.0000,TIER 3 / MILITARY
,FK_Kraz6322_Cover_Winter,other,10.0000,TIER 3 / MILITARY
,FK_Kraz6322_Cover_Civil,other,10.0000,TIER 3 / MILITARY
,FK_Kraz6322_Cover_Desert,other,10.0000,TIER 3 / MILITARY
,Chaos_Kart_Cover,other,10.0000,TIER 3 / MILITARY
,Chaos_Kart_Cover_Winter,other,10.0000,TIER 3 / MILITARY
,Chaos_Kart_Cover_Civil,other,10.0000,TIER 3 / MILITARY
,Chaos_Kart_Cover_Desert,other,10.0000,TIER 3 / MILITARY
,Croco_QuadBike_Cover,other,10.0000,TIER 3 / MILITARY
,Croco_QuadBike_Cover_Winter,other,10.0000,TIER 3 / MILITARY
,Croco_QuadBike_Cover_Civil,other,10.0000,TIER 3 / MILITARY
,Croco_QuadBike_Cover_Desert,other,10.0000,TIER 3 / MILITARY
,GunnerTruck_Cover,other,10.0000,TIER 3 / MILITARY
,GunnerTruck_Cover_Winter,other,10.0000,TIER 3 / MILITARY
,GunnerTruck_Cover_Civil,other,10.0000,TIER 3 / MILITARY
,GunnerTruck_Cover_Desert,other,10.0000,TIER 3 / MILITARY
,GazTigr_Cover,other,10.0000,TIER 3 / MILITARY
,GazTigr_Cover_Winter,other,10.0000,TIER 3 / MILITARY
,GazTigr_Cover_Civil,other,10.0000,TIER 3 / MILITARY
,GazTigr_Cover_Desert,other,10.0000,TIER 3 / MILITARY
,dboATV_Cover,other,10.0000,TIER 3 / MILITARY
,dboATV_Cover_Winter,other,10.0000,TIER 3 / MILITARY
,dboATV_Cover_Civil,other,10.0000,TIER 3 / MILITARY
,dboATV_Cover_Desert,other,10.0000,TIER 3 / MILITARY
,ExpansionLandrover_Cover,other,10.0000,TIER 3 / MILITARY
,ExpansionLandrover_Cover_Winter,other,10.0000,TIER 3 / MILITARY
,ExpansionLandrover_Cover_Civil,other,10.0000,TIER 3 / MILITARY
,ExpansionLandrover_Cover_Desert,other,10.0000,TIER 3 / MILITARY
,RagJeepWillis_Cover,other,10.0000,TIER 3 / MILITARY
,RagJeepWillis_Cover_Winter,other,10.0000,TIER 3 / MILITARY
,RagJeepWillis_Cover_Civil,other,10.0000,TIER 3 / MILITARY
,RagJeepWillis_Cover_Desert,other,10.0000,TIER 3 / MILITARY
,RagZil130_Cover,other,10.0000,TIER 3 / MILITARY
,RagZil130_Cover_Winter,other,10.0000,TIER 3 / MILITARY
,RagZil130_Cover_Civil,other,10.0000,TIER 3 / MILITARY
,RagZil130_Cover_Desert,other,10.0000,TIER 3 / MILITARY
,RagVWBeetle_Cover,other,10.0000,TIER 3 / MILITARY
,RagVWBeetle_Cover_Winter,other,10.0000,TIER 3 / MILITARY
,RagVWBeetle_Cover_Civil,other,10.0000,TIER 3 / MILITARY
,RagVWBeetle_Cover_Desert,other,10.0000,TIER 3 / MILITARY
,RagDerbyCar_Cover,other,10.0000,TIER 3 / MILITARY
,RagDerbyCar_Cover_Winter,other,10.0000,TIER 3 / MILITARY
,RagDerbyCar_Cover_Civil,other,10.0000,TIER 3 / MILITARY
,RagDerbyCar_Cover_Desert,other,10.0000,TIER 3 / MILITARY
,H4ZiL131_Cover,other,10.0000,TIER 3 / MILITARY
,H4ZiL131_Cover_Winter,other,10.0000,TIER 3 / MILITARY
,H4ZiL131_Cover_Civil,other,10.0000,TIER 3 / MILITARY
,H4ZiL131_Cover_Desert,other,10.0000,TIER 3 / MILITARY
,TFUAZ3151_Cover,other,10.0000,TIER 3 / MILITARY
,TFUAZ3151_Cover_Winter,other,10.0000,TIER 3 / MILITARY
,TFUAZ3151_Cover_Civil,other,10.0000,TIER 3 / MILITARY
,TFUAZ3151_Cover_Desert,other,10.0000,TIER 3 / MILITARY
,vg7scorpion_Cover,other,10.0000,TIER 3 / MILITARY
,vg7scorpion_Cover_Winter,other,10.0000,TIER 3 / MILITARY
,vg7scorpion_Cover_Civil,other,10.0000,TIER 3 / MILITARY
,vg7scorpion_Cover_Desert,other,10.0000,TIER 3 / MILITARY
,izh_Cover,other,10.0000,TIER 3 / MILITARY
,izh_Cover_Winter,other,10.0000,TIER 3 / MILITARY
,izh_Cover_Civil,other,10.0000,TIER 3 / MILITARY
,izh_Cover_Desert,other,10.0000,TIER 3 / MILITARY
,TrailBrozer_Cover,other,10.0000,TIER 3 / MILITARY
,TrailBrozer_Cover_Winter,other,10.0000,TIER 3 / MILITARY
,TrailBrozer_Cover_Civil,other,10.0000,TIER 3 / MILITARY
,TrailBrozer_Cover_Desert,other,10.0000,TIER 3 / MILITARY
,CowPelt,other,10.0000,TIER 3 / MILITARY
,rm_Fence_Medium_Hologram,other,10.0000,TIER 3 / MILITARY
,rm_Fence_Medium,other,10.0000,TIER 3 / MILITARY
,rm_Fence_MediumHigh_Hologram,other,10.0000,TIER 3 / MILITARY
,rm_Fence_MediumHigh,other,10.0000,TIER 3 / MILITARY
,rm_Fence_Smail_Hologram,other,10.0000,TIER 3 / MILITARY
,rm_Fence_Smail,other,10.0000,TIER 3 / MILITARY
,rm_WatchtowerBig_Hologram,other,10.0000,TIER 3 / MILITARY
,rm_WatchtowerBig,other,10.0000,TIER 3 / MILITARY
,BarrelHoles_Green,other,10.0000,TIER 3 / MILITARY
,BarrelHoles_Blue,other,10.0000,TIER 3 / MILITARY
,BarrelHoles_Red,other,10.0000,TIER 3 / MILITARY
,BarrelHoles_Yellow,other,10.0000,TIER 3 / MILITARY
,OH_big_locker_olive_Kit,other,10.0000,TIER 3 / MILITARY
,OH_big_locker_camo_Kit,other,10.0000,TIER 3 / MILITARY
,OH_big_locker_grey_Kit,other,10.0000,TIER 3 / MILITARY
,OH_big_locker_grey,other,10.0000,TIER 3 / MILITARY
,OH_big_locker_olive,other,10.0000,TIER 3 / MILITARY
,OH_big_locker_camo,other,10.0000,TIER 3 / MILITARY
,OH_crate_for_tools_blue,other,10.0000,TIER 3 / MILITARY
,OH_crate_for_tools_green,other,10.0000,TIER 3 / MILITARY
,OH_carpet_floor_model_2,other,10.0000,TIER 3 / MILITARY
,OHcupboardKit,other,10.0000,TIER 3 / MILITARY
,OHcupboard,other,10.0000,TIER 3 / MILITARY
,OH_Gunrack_doubleKit,other,10.0000,TIER 3 / MILITARY
,OH_fridge_white,other,10.0000,TIER 3 / MILITARY
,OH_zil_old_refrigerator_white,other,10.0000,TIER 3 / MILITARY
,OH_garage_shelf_Kit,other,10.0000,TIER 3 / MILITARY
,OH_gun_cabinet_Kit,other,10.0000,TIER 3 / MILITARY
,OH_gun_cabinet,other,10.0000,TIER 3 / MILITARY
,OH_gunlockerKit,other,10.0000,TIER 3 / MILITARY
,OH_gunlocker,other,10.0000,TIER 3 / MILITARY
,OH_GunrackKit,other,10.0000,TIER 3 / MILITARY
,OH_gunshelfKit,other,10.0000,TIER 3 / MILITARY
,OH_gunshelf_cover_Kit,other,10.0000,TIER 3 / MILITARY
,OH_kabak_house_Kit,other,10.0000,TIER 3 / MILITARY
,OH_kabak_house,other,10.0000,TIER 3 / MILITARY
,OH_trash_box_Kit,other,10.0000,TIER 3 / MILITARY
,OH_trash_box,other,10.0000,TIER 3 / MILITARY
,OH_lamp_wall_Kit,other,10.0000,TIER 3 / MILITARY
,OH_lamp_wall,other,10.0000,TIER 3 / MILITARY
,OH_lockercabin_Kit,other,10.0000,TIER 3 / MILITARY
,OH_lockercabin,other,10.0000,TIER 3 / MILITARY
,OH_metal_shelving_barrel_Kit,other,10.0000,TIER 3 / MILITARY
,OH_metal_shelving_barrel_big_Kit,other,10.0000,TIER 3 / MILITARY
,OH_mil_ru_box_green,other,10.0000,TIER 3 / MILITARY
,OH_mil_ru_box_long_green,other,10.0000,TIER 3 / MILITARY
,OH_military_box_grey,other,10.0000,TIER 3 / MILITARY
,OH_military_box_Brown,other,10.0000,TIER 3 / MILITARY
,OH_military_box_Green,other,10.0000,TIER 3 / MILITARY
,OH_military_box_Olive,other,10.0000,TIER 3 / MILITARY
,OH_military_box_Tan,other,10.0000,TIER 3 / MILITARY
,OHmilitary_big_box_grey,other,10.0000,TIER 3 / MILITARY
,OHmilitary_big_box_Brown,other,10.0000,TIER 3 / MILITARY
,OHmilitary_big_box_Green,other,10.0000,TIER 3 / MILITARY
,OHmilitary_big_box_Olive,other,10.0000,TIER 3 / MILITARY
,OHmilitary_big_box_Tan,other,10.0000,TIER 3 / MILITARY
,OH_military_metal_crate,other,10.0000,TIER 3 / MILITARY
,OH_militaryAmunitionBigKit,other,10.0000,TIER 3 / MILITARY
,OH_militaryAmunitionBig,other,10.0000,TIER 3 / MILITARY
,OH_Lamp_old,other,10.0000,TIER 3 / MILITARY
,OH_refrigerator_medium_white,other,10.0000,TIER 3 / MILITARY
,OH_shelf_materials_Kit,other,10.0000,TIER 3 / MILITARY
,OH_shelf_stand_Kit,other,10.0000,TIER 3 / MILITARY
,OHlocker_Damage_BLUE_DARKKit,other,10.0000,TIER 3 / MILITARY
,OHlocker_Damage_BLUE_LIGHTKit,other,10.0000,TIER 3 / MILITARY
,OHlocker_Damage_BLUE_SEAKit,other,10.0000,TIER 3 / MILITARY
,OHlocker_Damage_GREEN_DARKKit,other,10.0000,TIER 3 / MILITARY
,OHlocker_Damage_GREEN_LIGHTKit,other,10.0000,TIER 3 / MILITARY
,OHlocker_Damage_ORANGEKit,other,10.0000,TIER 3 / MILITARY
,OHlocker_Damage_PALE_GREENKit,other,10.0000,TIER 3 / MILITARY
,OHlocker_Damage_REDKit,other,10.0000,TIER 3 / MILITARY
,OHlocker_Damage_WHITEKit,other,10.0000,TIER 3 / MILITARY
,OHlocker_Damage_YELLOWKit,other,10.0000,TIER 3 / MILITARY
,OHlocker_Damage_GREYkit,other,10.0000,TIER 3 / MILITARY
,OHlocker_blue,other,10.0000,TIER 3 / MILITARY
,OHlocker_gray,other,10.0000,TIER 3 / MILITARY
,OHlocker_GymLockerDamage_BLUE_LIGHT,other,10.0000,TIER 3 / MILITARY
,OHlocker_GymLockerDamage_BLUE_SEA,other,10.0000,TIER 3 / MILITARY
,OHlocker_GymLockerDamage_GREEN_DARK,other,10.0000,TIER 3 / MILITARY
,OHlocker_GymLockerDamage_GREEN_LIGHT,other,10.0000,TIER 3 / MILITARY
,OHlocker_GymLockerDamage_GREY,other,10.0000,TIER 3 / MILITARY
,OHlocker_GymLockerDamage_ORANGE,other,10.0000,TIER 3 / MILITARY
,OHlocker_GymLockerDamage_PALE_GREEN,other,10.0000,TIER 3 / MILITARY
,OHlocker_GymLockerDamage_RED,other,10.0000,TIER 3 / MILITARY
,OHlocker_GymLockerDamage_WHITE,other,10.0000,TIER 3 / MILITARY
,OHlocker_GymLockerDamage_YELLOW,other,10.0000,TIER 3 / MILITARY
,OH_sofa_gun_rack_Kit,other,10.0000,TIER 3 / MILITARY
,OH_sofa_gun_rack,other,10.0000,TIER 3 / MILITARY
,OH_soviet_sofa_gun_rack_red_Kit,other,10.0000,TIER 3 / MILITARY
,OH_soviet_tumbochka_small_old_Kit,other,10.0000,TIER 3 / MILITARY
,OH_soviet_tumbochka_small_old,other,10.0000,TIER 3 / MILITARY
,OH_tool_box_1_blue,other,10.0000,TIER 3 / MILITARY
,OH_ussr_old_refrigerator_white,other,10.0000,TIER 3 / MILITARY
,OH_wall_mount_weapon_Kit,other,10.0000,TIER 3 / MILITARY
,OH_wall_mount_weapon,other,10.0000,TIER 3 / MILITARY
,OH_wood_gazebo_Kit,other,10.0000,TIER 3 / MILITARY
,OH_wood_gazebo,other,10.0000,TIER 3 / MILITARY
,OH_dresser_Kit,other,10.0000,TIER 3 / MILITARY
,OH_dresser,other,10.0000,TIER 3 / MILITARY
,OH_dresser_locker_Kit,other,10.0000,TIER 3 / MILITARY
,OH_dresser_locker,other,10.0000,TIER 3 / MILITARY
,OH_workbenchKit,other,10.0000,TIER 3 / MILITARY
,OH_military_box_slim_olive,other,10.0000,TIER 3 / MILITARY
,OH_military_box_slim_black,other,10.0000,TIER 3 / MILITARY
,OH_military_box_slim_brown,other,10.0000,TIER 3 / MILITARY
,OH_military_box_slim_green,other,10.0000,TIER 3 / MILITARY
,OH_55gallons_water_Barrel_blue,food,10.0000,TIER 1 & 2
,OH_military_table_olive,other,10.0000,TIER 3 / MILITARY
,OH_home_lamp_table,other,10.0000,TIER 3 / MILITARY
,OH_home_lamp_torsher,other,10.0000,TIER 3 / MILITARY
,OH_old_wood_table_Kit,other,10.0000,TIER 3 / MILITARY
,OH_old_wood_table,other,10.0000,TIER 3 / MILITARY
,OH_metal_bed_Kit,other,10.0000,TIER 3 / MILITARY
,OH_metal_bed,other,10.0000,TIER 3 / MILITARY
,OH_hand_washer_Kit,other,10.0000,TIER 3 / MILITARY
,OH_hand_washer,other,10.0000,TIER 3 / MILITARY
,OH_shifoner_light_wood_Kit,other,10.0000,TIER 3 / MILITARY
,OH_shifoner_dark_wood_Kit,other,10.0000,TIER 3 / MILITARY
,OH_shifoner_red_wood_Kit,other,10.0000,TIER 3 / MILITARY
,OH_shifoner_light_wood,other,10.0000,TIER 3 / MILITARY
,OH_shifoner_dark_wood,other,10.0000,TIER 3 / MILITARY
,OH_shifoner_red_wood,other,10.0000,TIER 3 / MILITARY
,OH_box_metal_Kit,other,10.0000,TIER 3 / MILITARY
,OH_box_metal,other,10.0000,TIER 3 / MILITARY
,OH_box_wood_Kit,other,10.0000,TIER 3 / MILITARY
,OH_box_wood,other,10.0000,TIER 3 / MILITARY
,savage_gaz66_tent,other,10.0000,TIER 3 / MILITARY
,OH_pechka,other,10.0000,TIER 3 / MILITARY
,OHlocker_GymLockerDamage_BLUE_DARK,other,10.0000,TIER 3 / MILITARY
,OH_old_locker_blue,other,10.0000,TIER 3 / MILITARY
,OH_old_locker_green,other,10.0000,TIER 3 / MILITARY
,OHlocker_blueKit,other,10.0000,TIER 3 / MILITARY
,OHlocker_greyKit,other,10.0000,TIER 3 / MILITARY
,OH_old_locker_blue_Kit,other,10.0000,TIER 3 / MILITARY
,OH_old_locker_green_Kit,other,10.0000,TIER 3 / MILITARY
,OH_crate_for_tools_red,other,10.0000,TIER 3 / MILITARY
,OH_carpet_floor_model_2_Kit,other,10.0000,TIER 3 / MILITARY
,OH_carpet_wall_model_2_Kit,other,10.0000,TIER 3 / MILITARY
,OH_carpet_wall_model_1,other,10.0000,TIER 3 / MILITARY
,OH_carpet_wall_model_2,other,10.0000,TIER 3 / MILITARY
,OH_carpet_wall_model_1_Kit,other,10.0000,TIER 3 / MILITARY
,OH_soviet_sofa_gun_rack_red,other,10.0000,TIER 3 / MILITARY
,Breeches_Pink,other,12.0000,TIER 3 / MILITARY
,Breeches_Red,other,12.0000,TIER 3 / MILITARY
,Breeches_White,other,12.0000,TIER 3 / MILITARY
,Breeches_Green,other,12.0000,TIER 3 / MILITARY
,Breeches_Browncheck,other,12.0000,TIER 3 / MILITARY
,Breeches_Blue,other,12.0000,TIER 3 / MILITARY
,Breeches_Blackcheck,other,12.0000,TIER 3 / MILITARY
,Breeches_Black,other,12.0000,TIER 3 / MILITARY
,Breeches_Beige,other,12.0000,TIER 3 / MILITARY
,Breeches_Beetcheck,other,12.0000,TIER 3 / MILITARY
,Raincoat_Orange,other,12.0000,TIER 3 / MILITARY
,Raincoat_Green,other,12.0000,TIER 3 / MILITARY
,Raincoat_Yellow,other,12.0000,TIER 3 / MILITARY
,Raincoat_Pink,other,12.0000,TIER 3 / MILITARY
,Raincoat_Red,other,12.0000,TIER 3 / MILITARY
,Raincoat_Blue,other,12.0000,TIER 3 / MILITARY
,Raincoat_Black,other,12.0000,TIER 3 / MILITARY
,Chainmail,other,12.0000,TIER 3 / MILITARY
,SmallProtectorCase,other,12.0000,TIER 3 / MILITARY
,BearTrap,other,12.0000,TIER 3 / MILITARY
,BJJ_GI_Lower_White,other,12.0000,TIER 3 / MILITARY
,BJJ_GI_Lower_Blue,other,12.0000,TIER 3 / MILITARY
,BJJ_GI_Lower_Black,other,12.0000,TIER 3 / MILITARY
,Blue_Leggings,other,12.0000,TIER 3 / MILITARY
,Adidas_Leggings,other,12.0000,TIER 3 / MILITARY
,Red_Leggings,other,12.0000,TIER 3 / MILITARY
,Purple_Leggings,other,12.0000,TIER 3 / MILITARY
,Fleece_Grey_Leggings,other,12.0000,TIER 3 / MILITARY
,Latex_Leggings,other,12.0000,TIER 3 / MILITARY
,Latex_White_Leggings,other,12.0000,TIER 3 / MILITARY
,Pot,other,12.0000,TIER 3 / MILITARY
,FryingPan,other,12.0000,TIER 3 / MILITARY
,Cauldron,other,12.0000,TIER 3 / MILITARY
,OH_em_pouches_green,other,12.0000,TIER 3 / MILITARY
,OH_em_pouches_tan,other,12.0000,TIER 3 / MILITARY
,OH_em_pouches_black,other,12.0000,TIER 3 / MILITARY
,OH_em_pouches_multicam,other,12.0000,TIER 3 / MILITARY
,OH_propane_baloon,other,12.0000,TIER 3 / MILITARY
,PNC_W_CheyTacM300,other,12.3530,TIER 4 / ALIEN
,PNC_W_AX50,other,12.5000,TIER 4 / ALIEN
,FordShelbyGT500_Codriver,other,15.0000,TIER 3 / MILITARY
,FordShelbyGT500_Codriver_Black,other,15.0000,TIER 3 / MILITARY
,FordShelbyGT500_Codriver_Blue,other,15.0000,TIER 3 / MILITARY
,FordShelbyGT500_Codriver_DarkBlue,other,15.0000,TIER 3 / MILITARY
,FordShelbyGT500_Codriver_Green,other,15.0000,TIER 3 / MILITARY
,FordShelbyGT500_Codriver_Orange,other,15.0000,TIER 3 / MILITARY
,FordShelbyGT500_Codriver_Pink,other,15.0000,TIER 3 / MILITARY
,FordShelbyGT500_Codriver_Red,other,15.0000,TIER 3 / MILITARY
,camonetjeep,other,15.0000,TIER 3 / MILITARY
,Tahoe_codriver,other,15.0000,TIER 3 / MILITARY
,Tahoe_cargo1,other,15.0000,TIER 3 / MILITARY
,Tahoe_cargo2,other,15.0000,TIER 3 / MILITARY
,Tahoe_codriver_LightBlue,other,15.0000,TIER 3 / MILITARY
,Tahoe_cargo1_LightBlue,other,15.0000,TIER 3 / MILITARY
,Tahoe_cargo2_LightBlue,other,15.0000,TIER 3 / MILITARY
,Tahoe_codriver_Black,other,15.0000,TIER 3 / MILITARY
,Tahoe_cargo1_Black,other,15.0000,TIER 3 / MILITARY
,Tahoe_cargo2_Black,other,15.0000,TIER 3 / MILITARY
,Tahoe_codriver_Blue,other,15.0000,TIER 3 / MILITARY
,Tahoe_cargo1_Blue,other,15.0000,TIER 3 / MILITARY
,Tahoe_cargo2_Blue,other,15.0000,TIER 3 / MILITARY
,Tahoe_codriver_Brown,other,15.0000,TIER 3 / MILITARY
,Tahoe_cargo1_Brown,other,15.0000,TIER 3 / MILITARY
,Tahoe_cargo2_Brown,other,15.0000,TIER 3 / MILITARY
,Tahoe_codriver_DarkBlue,other,15.0000,TIER 3 / MILITARY
,Tahoe_cargo1_DarkBlue,other,15.0000,TIER 3 / MILITARY
,Tahoe_cargo2_DarkBlue,other,15.0000,TIER 3 / MILITARY
,Tahoe_codriver_Green,other,15.0000,TIER 3 / MILITARY
,Tahoe_cargo1_Green,other,15.0000,TIER 3 / MILITARY
,Tahoe_cargo2_Green,other,15.0000,TIER 3 / MILITARY
,Tahoe_codriver_Pink,other,15.0000,TIER 3 / MILITARY
,Tahoe_cargo1_Pink,other,15.0000,TIER 3 / MILITARY
,Tahoe_cargo2_Pink,other,15.0000,TIER 3 / MILITARY
,Tahoe_codriver_Red,other,15.0000,TIER 3 / MILITARY
,Tahoe_cargo1_Red,other,15.0000,TIER 3 / MILITARY
,Tahoe_cargo2_Red,other,15.0000,TIER 3 / MILITARY
,Runner_Cargo1,other,15.0000,TIER 3 / MILITARY
,Runner_Cargo1_camowhite,other,15.0000,TIER 3 / MILITARY
,Runner_Cargo1_camogreen,other,15.0000,TIER 3 / MILITARY
,Runner_Cargo1_camoblack,other,15.0000,TIER 3 / MILITARY
,Runner_Cargo1_red,other,15.0000,TIER 3 / MILITARY
,Runner_Cargo1_white,other,15.0000,TIER 3 / MILITARY
,Runner_Cargo1_blue,other,15.0000,TIER 3 / MILITARY
,Runner_Cargo1_yellow,other,15.0000,TIER 3 / MILITARY
,Runner_Cargo1_camored,other,15.0000,TIER 3 / MILITARY
,Runner_Cargo1_camopink,other,15.0000,TIER 3 / MILITARY
,Runner_Cargo1_pink,other,15.0000,TIER 3 / MILITARY
,Runner_Cargo1_camoblue,other,15.0000,TIER 3 / MILITARY
,Runner_Cargo1_camopurple,other,15.0000,TIER 3 / MILITARY
,Runner_Cargo1_BOSS,other,15.0000,TIER 3 / MILITARY
,Runner_Cargo2,other,15.0000,TIER 3 / MILITARY
,Runner_Cargo2_camowhite,other,15.0000,TIER 3 / MILITARY
,Runner_Cargo2_camogreen,other,15.0000,TIER 3 / MILITARY
,Runner_Cargo2_camoblack,other,15.0000,TIER 3 / MILITARY
,Runner_Cargo2_red,other,15.0000,TIER 3 / MILITARY
,Runner_Cargo2_white,other,15.0000,TIER 3 / MILITARY
,Runner_Cargo2_blue,other,15.0000,TIER 3 / MILITARY
,Runner_Cargo2_yellow,other,15.0000,TIER 3 / MILITARY
,Runner_Cargo2_camored,other,15.0000,TIER 3 / MILITARY
,Runner_Cargo2_camopink,other,15.0000,TIER 3 / MILITARY
,Runner_Cargo2_pink,other,15.0000,TIER 3 / MILITARY
,Runner_Cargo2_camoblue,other,15.0000,TIER 3 / MILITARY
,Runner_Cargo2_camopurple,other,15.0000,TIER 3 / MILITARY
,Runner_Cargo2_BOSS,other,15.0000,TIER 3 / MILITARY
,BJJ_GI_Upper_White,other,15.0000,TIER 3 / MILITARY
,BJJ_GI_Upper_Blue,other,15.0000,TIER 3 / MILITARY
,BJJ_GI_Upper_Black,other,15.0000,TIER 3 / MILITARY
,Audi_RS6_ABT_Driver,other,15.0000,TIER 3 / MILITARY
,Audi_RS6_ABT_CoDriver,other,15.0000,TIER 3 / MILITARY
,Audi_RS6_ABT_Cargo1,other,15.0000,TIER 3 / MILITARY
,Audi_RS6_ABT_Cargo2,other,15.0000,TIER 3 / MILITARY
,Audi_RS6_ABT_Driver_Red,other,15.0000,TIER 3 / MILITARY
,Audi_RS6_ABT_CoDriver_Red,other,15.0000,TIER 3 / MILITARY
,Audi_RS6_ABT_Cargo1_Red,other,15.0000,TIER 3 / MILITARY
,Audi_RS6_ABT_Cargo2_Red,other,15.0000,TIER 3 / MILITARY
,Audi_RS6_ABT_Driver_Blue,other,15.0000,TIER 3 / MILITARY
,Audi_RS6_ABT_CoDriver_Blue,other,15.0000,TIER 3 / MILITARY
,Audi_RS6_ABT_Cargo1_Blue,other,15.0000,TIER 3 / MILITARY
,Audi_RS6_ABT_Cargo2_Blue,other,15.0000,TIER 3 / MILITARY
,Audi_RS6_ABT_Driver_Yellow,other,15.0000,TIER 3 / MILITARY
,Audi_RS6_ABT_CoDriver_Yellow,other,15.0000,TIER 3 / MILITARY
,Audi_RS6_ABT_Cargo1_Yellow,other,15.0000,TIER 3 / MILITARY
,Audi_RS6_ABT_Cargo2_Yellow,other,15.0000,TIER 3 / MILITARY
,Audi_RS6_ABT_Driver_Green,other,15.0000,TIER 3 / MILITARY
,Audi_RS6_ABT_CoDriver_Green,other,15.0000,TIER 3 / MILITARY
,Audi_RS6_ABT_Cargo1_Green,other,15.0000,TIER 3 / MILITARY
,Audi_RS6_ABT_Cargo2_Green,other,15.0000,TIER 3 / MILITARY
,Audi_RS6_ABT_Driver_Pink,other,15.0000,TIER 3 / MILITARY
,Audi_RS6_ABT_CoDriver_Pink,other,15.0000,TIER 3 / MILITARY
,Audi_RS6_ABT_Cargo1_Pink,other,15.0000,TIER 3 / MILITARY
,Audi_RS6_ABT_Cargo2_Pink,other,15.0000,TIER 3 / MILITARY
,Audi_RS6_ABT_Driver_Teal,other,15.0000,TIER 3 / MILITARY
,Audi_RS6_ABT_CoDriver_Teal,other,15.0000,TIER 3 / MILITARY
,Audi_RS6_ABT_Cargo1_Teal,other,15.0000,TIER 3 / MILITARY
,Audi_RS6_ABT_Cargo2_Teal,other,15.0000,TIER 3 / MILITARY
,Audi_RS6_ABT_Driver_MidNightBlue,other,15.0000,TIER 3 / MILITARY
,Audi_RS6_ABT_CoDriver_MidNightBlue,other,15.0000,TIER 3 / MILITARY
,Audi_RS6_ABT_Cargo1_MidNightBlue,other,15.0000,TIER 3 / MILITARY
,Audi_RS6_ABT_Cargo2_MidNightBlue,other,15.0000,TIER 3 / MILITARY
,Audi_RS6_ABT_Driver_Black,other,15.0000,TIER 3 / MILITARY
,Audi_RS6_ABT_CoDriver_Black,other,15.0000,TIER 3 / MILITARY
,Audi_RS6_ABT_Cargo1_Black,other,15.0000,TIER 3 / MILITARY
,Audi_RS6_ABT_Cargo2_Black,other,15.0000,TIER 3 / MILITARY
,dodgecharger_codriver,other,15.0000,TIER 3 / MILITARY
,dodgecharger_cargo1,other,15.0000,TIER 3 / MILITARY
,dodgecharger_cargo2,other,15.0000,TIER 3 / MILITARY
,dodgecharger_codriver_blue,other,15.0000,TIER 3 / MILITARY
,dodgecharger_cargo1_blue,other,15.0000,TIER 3 / MILITARY
,dodgecharger_cargo2_blue,other,15.0000,TIER 3 / MILITARY
,dodgecharger_codriver_red,other,15.0000,TIER 3 / MILITARY
,dodgecharger_cargo1_red,other,15.0000,TIER 3 / MILITARY
,dodgecharger_cargo2_red,other,15.0000,TIER 3 / MILITARY
,dodgecharger_codriver_lightblue,other,15.0000,TIER 3 / MILITARY
,dodgecharger_cargo1_lightblue,other,15.0000,TIER 3 / MILITARY
,dodgecharger_cargo2_lightblue,other,15.0000,TIER 3 / MILITARY
,dodgecharger_codriver_green,other,15.0000,TIER 3 / MILITARY
,dodgecharger_cargo1_green,other,15.0000,TIER 3 / MILITARY
,dodgecharger_cargo2_green,other,15.0000,TIER 3 / MILITARY
,dodgecharger_codriver_pink,other,15.0000,TIER 3 / MILITARY
,dodgecharger_cargo1_pink,other,15.0000,TIER 3 / MILITARY
,dodgecharger_cargo2_pink,other,15.0000,TIER 3 / MILITARY
,dodgecharger_codriver_white,other,15.0000,TIER 3 / MILITARY
,dodgecharger_cargo1_white,other,15.0000,TIER 3 / MILITARY
,dodgecharger_cargo2_white,other,15.0000,TIER 3 / MILITARY
,BearPelt,other,15.0000,TIER 3 / MILITARY
,Kamaz_TyphoonK_Driver,other,15.0000,TIER 3 / MILITARY
,Kamaz_TyphoonK_CoDriver,other,15.0000,TIER 3 / MILITARY
,Kamaz_TyphoonK_Cargo1,other,15.0000,TIER 3 / MILITARY
,Kamaz_TyphoonK_Cargo2,other,15.0000,TIER 3 / MILITARY
,Kamaz_TyphoonK_Cargo3,other,15.0000,TIER 3 / MILITARY
,Kamaz_TyphoonK_Cargo4,other,15.0000,TIER 3 / MILITARY
,Kamaz_TyphoonK_Cargo5,other,15.0000,TIER 3 / MILITARY
,Kamaz_TyphoonK_Cargo6,other,15.0000,TIER 3 / MILITARY
,Kamaz_TyphoonK_Cargo7,other,15.0000,TIER 3 / MILITARY
,Kamaz_TyphoonK_Cargo8,other,15.0000,TIER 3 / MILITARY
,Kamaz_TyphoonK_Driver_CamoGreen,other,15.0000,TIER 3 / MILITARY
,Kamaz_TyphoonK_CoDriver_CamoGreen,other,15.0000,TIER 3 / MILITARY
,Kamaz_TyphoonK_Cargo1_CamoGreen,other,15.0000,TIER 3 / MILITARY
,Kamaz_TyphoonK_Cargo2_CamoGreen,other,15.0000,TIER 3 / MILITARY
,Kamaz_TyphoonK_Cargo3_CamoGreen,other,15.0000,TIER 3 / MILITARY
,Kamaz_TyphoonK_Cargo4_CamoGreen,other,15.0000,TIER 3 / MILITARY
,Kamaz_TyphoonK_Cargo5_CamoGreen,other,15.0000,TIER 3 / MILITARY
,Kamaz_TyphoonK_Cargo6_CamoGreen,other,15.0000,TIER 3 / MILITARY
,Kamaz_TyphoonK_Cargo7_CamoGreen,other,15.0000,TIER 3 / MILITARY
,Kamaz_TyphoonK_Cargo8_CamoGreen,other,15.0000,TIER 3 / MILITARY
,Kamaz_TyphoonK_Driver_CamoGreen2,other,15.0000,TIER 3 / MILITARY
,Kamaz_TyphoonK_CoDriver_CamoGreen2,other,15.0000,TIER 3 / MILITARY
,Kamaz_TyphoonK_Cargo1_CamoGreen2,other,15.0000,TIER 3 / MILITARY
,Kamaz_TyphoonK_Cargo2_CamoGreen2,other,15.0000,TIER 3 / MILITARY
,Kamaz_TyphoonK_Cargo3_CamoGreen2,other,15.0000,TIER 3 / MILITARY
,Kamaz_TyphoonK_Cargo4_CamoGreen2,other,15.0000,TIER 3 / MILITARY
,Kamaz_TyphoonK_Cargo5_CamoGreen2,other,15.0000,TIER 3 / MILITARY
,Kamaz_TyphoonK_Cargo6_CamoGreen2,other,15.0000,TIER 3 / MILITARY
,Kamaz_TyphoonK_Cargo7_CamoGreen2,other,15.0000,TIER 3 / MILITARY
,Kamaz_TyphoonK_Cargo8_CamoGreen2,other,15.0000,TIER 3 / MILITARY
,Kamaz_TyphoonK_Driver_CamoGreen3,other,15.0000,TIER 3 / MILITARY
,Kamaz_TyphoonK_CoDriver_CamoGreen3,other,15.0000,TIER 3 / MILITARY
,Kamaz_TyphoonK_Cargo1_CamoGreen3,other,15.0000,TIER 3 / MILITARY
,Kamaz_TyphoonK_Cargo2_CamoGreen3,other,15.0000,TIER 3 / MILITARY
,Kamaz_TyphoonK_Cargo3_CamoGreen3,other,15.0000,TIER 3 / MILITARY
,Kamaz_TyphoonK_Cargo4_CamoGreen3,other,15.0000,TIER 3 / MILITARY
,Kamaz_TyphoonK_Cargo5_CamoGreen3,other,15.0000,TIER 3 / MILITARY
,Kamaz_TyphoonK_Cargo6_CamoGreen3,other,15.0000,TIER 3 / MILITARY
,Kamaz_TyphoonK_Cargo7_CamoGreen3,other,15.0000,TIER 3 / MILITARY
,Kamaz_TyphoonK_Cargo8_CamoGreen3,other,15.0000,TIER 3 / MILITARY
,Kamaz_TyphoonK_Driver_RedCamo,other,15.0000,TIER 3 / MILITARY
,Kamaz_TyphoonK_CoDriver_RedCamo,other,15.0000,TIER 3 / MILITARY
,Kamaz_TyphoonK_Cargo1_RedCamo,other,15.0000,TIER 3 / MILITARY
,Kamaz_TyphoonK_Cargo2_RedCamo,other,15.0000,TIER 3 / MILITARY
,Kamaz_TyphoonK_Cargo3_RedCamo,other,15.0000,TIER 3 / MILITARY
,Kamaz_TyphoonK_Cargo4_RedCamo,other,15.0000,TIER 3 / MILITARY
,Kamaz_TyphoonK_Cargo5_RedCamo,other,15.0000,TIER 3 / MILITARY
,Kamaz_TyphoonK_Cargo6_RedCamo,other,15.0000,TIER 3 / MILITARY
,Kamaz_TyphoonK_Cargo7_RedCamo,other,15.0000,TIER 3 / MILITARY
,Kamaz_TyphoonK_Cargo8_RedCamo,other,15.0000,TIER 3 / MILITARY
,Kamaz_TyphoonK_Driver_White,other,15.0000,TIER 3 / MILITARY
,Kamaz_TyphoonK_CoDriver_White,other,15.0000,TIER 3 / MILITARY
,Kamaz_TyphoonK_Cargo1_White,other,15.0000,TIER 3 / MILITARY
,Kamaz_TyphoonK_Cargo2_White,other,15.0000,TIER 3 / MILITARY
,Kamaz_TyphoonK_Cargo3_White,other,15.0000,TIER 3 / MILITARY
,Kamaz_TyphoonK_Cargo4_White,other,15.0000,TIER 3 / MILITARY
,Kamaz_TyphoonK_Cargo5_White,other,15.0000,TIER 3 / MILITARY
,Kamaz_TyphoonK_Cargo6_White,other,15.0000,TIER 3 / MILITARY
,Kamaz_TyphoonK_Cargo7_White,other,15.0000,TIER 3 / MILITARY
,Kamaz_TyphoonK_Cargo8_White,other,15.0000,TIER 3 / MILITARY
,Kamaz_TyphoonK_Driver_Black,other,15.0000,TIER 3 / MILITARY
,Kamaz_TyphoonK_CoDriver_Black,other,15.0000,TIER 3 / MILITARY
,Kamaz_TyphoonK_Cargo1_Black,other,15.0000,TIER 3 / MILITARY
,Kamaz_TyphoonK_Cargo2_Black,other,15.0000,TIER 3 / MILITARY
,Kamaz_TyphoonK_Cargo3_Black,other,15.0000,TIER 3 / MILITARY
,Kamaz_TyphoonK_Cargo4_Black,other,15.0000,TIER 3 / MILITARY
,Kamaz_TyphoonK_Cargo5_Black,other,15.0000,TIER 3 / MILITARY
,Kamaz_TyphoonK_Cargo6_Black,other,15.0000,TIER 3 / MILITARY
,Kamaz_TyphoonK_Cargo7_Black,other,15.0000,TIER 3 / MILITARY
,Kamaz_TyphoonK_Cargo8_Black,other,15.0000,TIER 3 / MILITARY
,Kamaz_TyphoonK_Driver_Rusty,other,15.0000,TIER 3 / MILITARY
,Kamaz_TyphoonK_CoDriver_Rusty,other,15.0000,TIER 3 / MILITARY
,Kamaz_TyphoonK_Cargo1_Rusty,other,15.0000,TIER 3 / MILITARY
,Kamaz_TyphoonK_Cargo2_Rusty,other,15.0000,TIER 3 / MILITARY
,Kamaz_TyphoonK_Cargo3_Rusty,other,15.0000,TIER 3 / MILITARY
,Kamaz_TyphoonK_Cargo4_Rusty,other,15.0000,TIER 3 / MILITARY
,Kamaz_TyphoonK_Cargo5_Rusty,other,15.0000,TIER 3 / MILITARY
,Kamaz_TyphoonK_Cargo6_Rusty,other,15.0000,TIER 3 / MILITARY
,Kamaz_TyphoonK_Cargo7_Rusty,other,15.0000,TIER 3 / MILITARY
,Kamaz_TyphoonK_Cargo8_Rusty,other,15.0000,TIER 3 / MILITARY
,savage_oshkosh_atv_Driver,other,15.0000,TIER 3 / MILITARY
,savage_oshkosh_atv_coDriver,other,15.0000,TIER 3 / MILITARY
,savage_oshkosh_atv_cargo1,other,15.0000,TIER 3 / MILITARY
,savage_oshkosh_atv_cargo2,other,15.0000,TIER 3 / MILITARY
,savage_oshkosh_atv_Driver_black,other,15.0000,TIER 3 / MILITARY
,savage_oshkosh_atv_coDriver_black,other,15.0000,TIER 3 / MILITARY
,savage_oshkosh_atv_cargo1_black,other,15.0000,TIER 3 / MILITARY
,savage_oshkosh_atv_cargo2_black,other,15.0000,TIER 3 / MILITARY
,savage_oshkosh_atv_Driver_camo,other,15.0000,TIER 3 / MILITARY
,savage_oshkosh_atv_coDriver_camo,other,15.0000,TIER 3 / MILITARY
,savage_oshkosh_atv_cargo1_camo,other,15.0000,TIER 3 / MILITARY
,savage_oshkosh_atv_cargo2_camo,other,15.0000,TIER 3 / MILITARY
,savage_oshkosh_atv_Driver_desert,other,15.0000,TIER 3 / MILITARY
,savage_oshkosh_atv_coDriver_desert,other,15.0000,TIER 3 / MILITARY
,savage_oshkosh_atv_cargo1_desert,other,15.0000,TIER 3 / MILITARY
,savage_oshkosh_atv_cargo2_desert,other,15.0000,TIER 3 / MILITARY
,savage_priora_2172_Driver,other,15.0000,TIER 3 / MILITARY
,savage_priora_2172_coDriver,other,15.0000,TIER 3 / MILITARY
,savage_priora_2172_cargo1,other,15.0000,TIER 3 / MILITARY
,savage_priora_2172_cargo2,other,15.0000,TIER 3 / MILITARY
,savage_priora_2172_Driver_grey,other,15.0000,TIER 3 / MILITARY
,savage_priora_2172_coDriver_grey,other,15.0000,TIER 3 / MILITARY
,savage_priora_2172_cargo2_grey,other,15.0000,TIER 3 / MILITARY
,savage_priora_2172_cargo1_grey,other,15.0000,TIER 3 / MILITARY
,savage_priora_2172_Driver_black,other,15.0000,TIER 3 / MILITARY
,savage_priora_2172_coDriver_black,other,15.0000,TIER 3 / MILITARY
,savage_priora_2172_cargo2_black,other,15.0000,TIER 3 / MILITARY
,savage_priora_2172_cargo1_black,other,15.0000,TIER 3 / MILITARY
,savage_priora_2172_Driver_blue,other,15.0000,TIER 3 / MILITARY
,savage_priora_2172_coDriver_blue,other,15.0000,TIER 3 / MILITARY
,savage_priora_2172_cargo2_blue,other,15.0000,TIER 3 / MILITARY
,savage_priora_2172_cargo1_blue,other,15.0000,TIER 3 / MILITARY
,savage_priora_2172_Driver_purple,other,15.0000,TIER 3 / MILITARY
,savage_priora_2172_coDriver_purple,other,15.0000,TIER 3 / MILITARY
,savage_priora_2172_cargo2_purple,other,15.0000,TIER 3 / MILITARY
,savage_priora_2172_cargo1_purple,other,15.0000,TIER 3 / MILITARY
,savage_toyota_tacoma_Driver,other,15.0000,TIER 3 / MILITARY
,savage_toyota_tacoma_coDriver,other,15.0000,TIER 3 / MILITARY
,savage_toyota_tacoma_cargo1,other,15.0000,TIER 3 / MILITARY
,savage_toyota_tacoma_cargo2,other,15.0000,TIER 3 / MILITARY
,savage_toyota_tacoma_Driver_blue,other,15.0000,TIER 3 / MILITARY
,savage_toyota_tacoma_coDriver_blue,other,15.0000,TIER 3 / MILITARY
,savage_toyota_tacoma_cargo2_blue,other,15.0000,TIER 3 / MILITARY
,savage_toyota_tacoma_cargo1_blue,other,15.0000,TIER 3 / MILITARY
,savage_toyota_tacoma_Driver_black,other,15.0000,TIER 3 / MILITARY
,savage_toyota_tacoma_coDriver_black,other,15.0000,TIER 3 / MILITARY
,savage_toyota_tacoma_cargo2_black,other,15.0000,TIER 3 / MILITARY
,savage_toyota_tacoma_cargo1_black,other,15.0000,TIER 3 / MILITARY
,savage_toyota_tacoma_Driver_camo,other,15.0000,TIER 3 / MILITARY
,savage_toyota_tacoma_coDriver_camo,other,15.0000,TIER 3 / MILITARY
,savage_toyota_tacoma_cargo1_camo,other,15.0000,TIER 3 / MILITARY
,savage_toyota_tacoma_cargo2_camo,other,15.0000,TIER 3 / MILITARY
,savage_toyota_tacoma_Driver_orange,other,15.0000,TIER 3 / MILITARY
,savage_toyota_tacoma_coDriver_orange,other,15.0000,TIER 3 / MILITARY
,savage_toyota_tacoma_cargo1_orange,other,15.0000,TIER 3 / MILITARY
,savage_toyota_tacoma_cargo2_orange,other,15.0000,TIER 3 / MILITARY
,savage_toyota_tacoma_Driver_denso,other,15.0000,TIER 3 / MILITARY
,savage_toyota_tacoma_coDriver_denso,other,15.0000,TIER 3 / MILITARY
,savage_toyota_tacoma_cargo1_denso,other,15.0000,TIER 3 / MILITARY
,savage_toyota_tacoma_cargo2_denso,other,15.0000,TIER 3 / MILITARY
,savage_uaz2206_Driver,other,15.0000,TIER 3 / MILITARY
,savage_uaz2206_coDriver,other,15.0000,TIER 3 / MILITARY
,savage_uaz2206_cargo1,other,15.0000,TIER 3 / MILITARY
,savage_uaz2206_cargo2,other,15.0000,TIER 3 / MILITARY
,savage_uaz2206_Driver_camo1,other,15.0000,TIER 3 / MILITARY
,savage_uaz2206_coDriver_camo1,other,15.0000,TIER 3 / MILITARY
,savage_uaz2206_cargo1_camo1,other,15.0000,TIER 3 / MILITARY
,savage_uaz2206_cargo2_camo1,other,15.0000,TIER 3 / MILITARY
,savage_uaz2206_Driver_med,other,15.0000,TIER 3 / MILITARY
,savage_uaz2206_coDriver_med,other,15.0000,TIER 3 / MILITARY
,savage_uaz2206_cargo1_med,other,15.0000,TIER 3 / MILITARY
,savage_uaz2206_cargo2_med,other,15.0000,TIER 3 / MILITARY
,savage_uaz2206_Driver_polic,other,15.0000,TIER 3 / MILITARY
,savage_uaz2206_coDriver_polic,other,15.0000,TIER 3 / MILITARY
,savage_uaz2206_cargo1_polic,other,15.0000,TIER 3 / MILITARY
,savage_uaz2206_cargo2_polic,other,15.0000,TIER 3 / MILITARY
,savage_uaz2206_Driver_CSO,other,15.0000,TIER 3 / MILITARY
,savage_uaz2206_coDriver_CSO,other,15.0000,TIER 3 / MILITARY
,savage_uaz2206_cargo1_CSO,other,15.0000,TIER 3 / MILITARY
,savage_uaz2206_cargo2_CSO,other,15.0000,TIER 3 / MILITARY
,savage_uaz2206_Driver_wintercamo,other,15.0000,TIER 3 / MILITARY
,savage_uaz2206_coDriver_wintercamo,other,15.0000,TIER 3 / MILITARY
,savage_uaz2206_cargo1_wintercamo,other,15.0000,TIER 3 / MILITARY
,savage_uaz2206_cargo2_wintercamo,other,15.0000,TIER 3 / MILITARY
,savage_gaz2330_Driver,other,15.0000,TIER 3 / MILITARY
,savage_gaz2330_coDriver,other,15.0000,TIER 3 / MILITARY
,savage_gaz2330_cargo1,other,15.0000,TIER 3 / MILITARY
,savage_gaz2330_cargo2,other,15.0000,TIER 3 / MILITARY
,savage_gaz2330_Driver_black,other,15.0000,TIER 3 / MILITARY
,savage_gaz2330_coDriver_black,other,15.0000,TIER 3 / MILITARY
,savage_gaz2330_cargo1_black,other,15.0000,TIER 3 / MILITARY
,savage_gaz2330_cargo2_black,other,15.0000,TIER 3 / MILITARY
,savage_gaz2330_Driver_camo,other,15.0000,TIER 3 / MILITARY
,savage_gaz2330_coDriver_camo,other,15.0000,TIER 3 / MILITARY
,savage_gaz2330_cargo1_camo,other,15.0000,TIER 3 / MILITARY
,savage_gaz2330_cargo2_camo,other,15.0000,TIER 3 / MILITARY
,savage_gaz66_Driver,other,15.0000,TIER 3 / MILITARY
,savage_gaz66_coDriver,other,15.0000,TIER 3 / MILITARY
,savage_gaz66_cargo1,other,15.0000,TIER 3 / MILITARY
,savage_gaz66_cargo2,other,15.0000,TIER 3 / MILITARY
,savage_gaz66_Driver_white,other,15.0000,TIER 3 / MILITARY
,savage_gaz66_coDriver_white,other,15.0000,TIER 3 / MILITARY
,savage_gaz66_cargo1_white,other,15.0000,TIER 3 / MILITARY
,savage_gaz66_cargo2_white,other,15.0000,TIER 3 / MILITARY
,GiftBox_Medium_1,other,16.0000,TIER 3 / MILITARY
,GiftBox_Medium_2,other,16.0000,TIER 3 / MILITARY
,GiftBox_Medium_3,other,16.0000,TIER 3 / MILITARY
,GiftBox_Medium_4,other,16.0000,TIER 3 / MILITARY
,OH_ifak_pouches_Green,other,16.0000,TIER 3 / MILITARY
,OH_ifak_pouches_Desert,other,16.0000,TIER 3 / MILITARY
,OH_ifak_pouches_Black,other,16.0000,TIER 3 / MILITARY
,OH_ifak_pouches_Multicam,other,16.0000,TIER 3 / MILITARY
,OH_ifak_pouch_Greycifra,other,16.0000,TIER 3 / MILITARY
,OH_vx_pouch_1_black,other,16.0000,TIER 3 / MILITARY
,OH_vx_pouch_5_black,other,16.0000,TIER 3 / MILITARY
,OH_vx_pouch_5_olive,other,16.0000,TIER 3 / MILITARY
,OH_vx_pouch_5_1_black,other,16.0000,TIER 3 / MILITARY
,OH_vx_pouch_5_1_olive,other,16.0000,TIER 3 / MILITARY
,OH_universl_pouch_1_black,other,16.0000,TIER 3 / MILITARY
,OH_universl_pouch_1_green,other,16.0000,TIER 3 / MILITARY
,OH_universl_pouch_1_tan,other,16.0000,TIER 3 / MILITARY
,OH_universl_pouch_1_ucp,other,16.0000,TIER 3 / MILITARY
,OH_universl_pouch_1_camo_wood,other,16.0000,TIER 3 / MILITARY
,OH_universl_pouch_2_black,other,16.0000,TIER 3 / MILITARY
,OH_universl_pouch_2_green,other,16.0000,TIER 3 / MILITARY
,OH_universl_pouch_2_tan,other,16.0000,TIER 3 / MILITARY
,OH_universl_pouch_2_ucp,other,16.0000,TIER 3 / MILITARY
,OH_universl_pouch_2_camo_wood,other,16.0000,TIER 3 / MILITARY
,OH_universl_pouch_3_black,other,16.0000,TIER 3 / MILITARY
,OH_universl_pouch_3_green,other,16.0000,TIER 3 / MILITARY
,OH_universl_pouch_3_tan,other,16.0000,TIER 3 / MILITARY
,OH_universl_pouch_3_ucp,other,16.0000,TIER 3 / MILITARY
,OH_universl_pouch_3_camo_wood,other,16.0000,TIER 3 / MILITARY
,OH_pouches_6B43_flora,other,16.0000,TIER 3 / MILITARY
,OH_pouches_6B43_Digital,other,16.0000,TIER 3 / MILITARY
,OH_pouches_6B43_Digital_Desert,other,16.0000,TIER 3 / MILITARY
,OH_pouches_6B43_Digital_Black,other,16.0000,TIER 3 / MILITARY
,OH_pouches_6B43_blue,other,16.0000,TIER 3 / MILITARY
,OH_pouches_6B43_black,other,16.0000,TIER 3 / MILITARY
,OH_pouches_6B43_scull,other,16.0000,TIER 3 / MILITARY
,OH_pouches_6B43_vetka,other,16.0000,TIER 3 / MILITARY
,OH_pouches_6B43_white,other,16.0000,TIER 3 / MILITARY
,TruckBattery,other,18.0000,CONSTRUCTION & SPARE PARTS
,WoolCoat_Black,other,20.0000,TIER 3 / MILITARY
,WoolCoat_Red,other,20.0000,TIER 3 / MILITARY
,WoolCoat_Blue,other,20.0000,TIER 3 / MILITARY
,WoolCoat_Green,other,20.0000,TIER 3 / MILITARY
,WoolCoat_Beige,other,20.0000,TIER 3 / MILITARY
,WoolCoat_RedCheck,other,20.0000,TIER 3 / MILITARY
,WoolCoat_BlackCheck,other,20.0000,TIER 3 / MILITARY
,WoolCoat_BlueCheck,other,20.0000,TIER 3 / MILITARY
,WoolCoat_GreyCheck,other,20.0000,TIER 3 / MILITARY
,WoolCoat_BrownCheck,other,20.0000,TIER 3 / MILITARY
,LabCoat,other,20.0000,TIER 3 / MILITARY
,NurseDress_White,other,20.0000,TIER 3 / MILITARY
,NurseDress_Blue,other,20.0000,TIER 3 / MILITARY
,ManSuit_Beige,other,20.0000,TIER 3 / MILITARY
,ManSuit_Black,other,20.0000,TIER 3 / MILITARY
,ManSuit_Blue,other,20.0000,TIER 3 / MILITARY
,ManSuit_Brown,other,20.0000,TIER 3 / MILITARY
,ManSuit_DarkGrey,other,20.0000,TIER 3 / MILITARY
,ManSuit_Khaki,other,20.0000,TIER 3 / MILITARY
,ManSuit_LightGrey,other,20.0000,TIER 3 / MILITARY
,ManSuit_White,other,20.0000,TIER 3 / MILITARY
,WomanSuit_Beige,other,20.0000,TIER 3 / MILITARY
,WomanSuit_Black,other,20.0000,TIER 3 / MILITARY
,WomanSuit_Blue,other,20.0000,TIER 3 / MILITARY
,WomanSuit_Brown,other,20.0000,TIER 3 / MILITARY
,WomanSuit_DarkGrey,other,20.0000,TIER 3 / MILITARY
,WomanSuit_Khaki,other,20.0000,TIER 3 / MILITARY
,WomanSuit_LightGrey,other,20.0000,TIER 3 / MILITARY
,WomanSuit_White,other,20.0000,TIER 3 / MILITARY
,DodgeRam_Cargo1,other,20.0000,TIER 3 / MILITARY
,DodgeRam_Cargo2,other,20.0000,TIER 3 / MILITARY
,DodgeRam_Cargo1_Pink,other,20.0000,TIER 3 / MILITARY
,DodgeRam_Cargo2_Pink,other,20.0000,TIER 3 / MILITARY
,DodgeRam_Cargo1_Orange,other,20.0000,TIER 3 / MILITARY
,DodgeRam_Cargo2_Orange,other,20.0000,TIER 3 / MILITARY
,DodgeRam_Cargo1_Red,other,20.0000,TIER 3 / MILITARY
,DodgeRam_Cargo2_Red,other,20.0000,TIER 3 / MILITARY
,DodgeRam_Cargo1_Cyan,other,20.0000,TIER 3 / MILITARY
,DodgeRam_Cargo2_Cyan,other,20.0000,TIER 3 / MILITARY
,DodgeRam_Cargo1_Green,other,20.0000,TIER 3 / MILITARY
,DodgeRam_Cargo2_Green,other,20.0000,TIER 3 / MILITARY
,DodgeRam_Cargo1_Blue,other,20.0000,TIER 3 / MILITARY
,DodgeRam_Cargo2_Blue,other,20.0000,TIER 3 / MILITARY
,DodgeRam_Cargo1_Black,other,20.0000,TIER 3 / MILITARY
,DodgeRam_Cargo2_Black,other,20.0000,TIER 3 / MILITARY
,DodgeRam_Cargo1_VectorTrails,other,20.0000,TIER 3 / MILITARY
,DodgeRam_Cargo2_VectorTrails,other,20.0000,TIER 3 / MILITARY
,DodgeRam_Cargo1_ChinaLake,other,20.0000,TIER 3 / MILITARY
,DodgeRam_Cargo2_ChinaLake,other,20.0000,TIER 3 / MILITARY
,DodgeRam_Cargo1_RedTiger,other,20.0000,TIER 3 / MILITARY
,DodgeRam_Cargo2_RedTiger,other,20.0000,TIER 3 / MILITARY
,DodgeRam_Cargo1_BlueTiger,other,20.0000,TIER 3 / MILITARY
,DodgeRam_Cargo2_BlueTiger,other,20.0000,TIER 3 / MILITARY
,DodgeRam_Cargo1_Mocha,other,20.0000,TIER 3 / MILITARY
,DodgeRam_Cargo2_Mocha,other,20.0000,TIER 3 / MILITARY
,DodgeRam_Cargo1_ModernWoodland,other,20.0000,TIER 3 / MILITARY
,DodgeRam_Cargo2_ModernWoodland,other,20.0000,TIER 3 / MILITARY
,DodgeRam_Cargo1_Skulls,other,20.0000,TIER 3 / MILITARY
,DodgeRam_Cargo2_Skulls,other,20.0000,TIER 3 / MILITARY
,DodgeRam_Cargo1_DUDB,other,20.0000,TIER 3 / MILITARY
,DodgeRam_Cargo2_DUDB,other,20.0000,TIER 3 / MILITARY
,DodgeRam_Cargo1_TopoGraphic,other,20.0000,TIER 3 / MILITARY
,DodgeRam_Cargo2_TopoGraphic,other,20.0000,TIER 3 / MILITARY
,DodgeRam_Cargo1_TopoTrip,other,20.0000,TIER 3 / MILITARY
,DodgeRam_Cargo2_TopoTrip,other,20.0000,TIER 3 / MILITARY
,DodgeRam_Cargo1_Rust,other,20.0000,TIER 3 / MILITARY
,DodgeRam_Cargo2_Rust,other,20.0000,TIER 3 / MILITARY
,WoodenLog,other,20.0000,TIER 3 / MILITARY
,OH_pouch_6sh_118_1_black,other,20.0000,TIER 3 / MILITARY
,OH_pouch_6sh_118_1_green_pixel,other,20.0000,TIER 3 / MILITARY
,OH_pouch_6sh_118_1_olive,other,20.0000,TIER 3 / MILITARY
,OH_pouch_6sh_118_1_sand,other,20.0000,TIER 3 / MILITARY
,OH_pouch_6sh_118_1_wood_camo,other,20.0000,TIER 3 / MILITARY
,OH_pouch_6sh_118_2_black,other,20.0000,TIER 3 / MILITARY
,OH_pouch_6sh_118_2_green_pixel,other,20.0000,TIER 3 / MILITARY
,OH_pouch_6sh_118_2_olive,other,20.0000,TIER 3 / MILITARY
,OH_pouch_6sh_118_2_sand,other,20.0000,TIER 3 / MILITARY
,OH_pouch_6sh_118_2_wood_camo,other,20.0000,TIER 3 / MILITARY
,OH_military_haarbig_box_Brown,other,20.0000,TIER 3 / MILITARY
,OH_military_haarbig_box_Green,other,20.0000,TIER 3 / MILITARY
,OH_military_haarbig_box_Olive,other,20.0000,TIER 3 / MILITARY
,OH_military_haarbig_box_Tan,other,20.0000,TIER 3 / MILITARY
,OH_military_haarbig_box_black,other,20.0000,TIER 3 / MILITARY
,OH_military_haarbig_box_red,other,20.0000,TIER 3 / MILITARY
,OH_military_box_medium_olive,other,20.0000,TIER 3 / MILITARY
,OH_military_box_medium_black,other,20.0000,TIER 3 / MILITARY
,OH_military_box_medium_brown,other,20.0000,TIER 3 / MILITARY
,OH_military_box_medium_green,other,20.0000,TIER 3 / MILITARY
,OH_military_box_big_model_two_Brown,other,20.0000,TIER 3 / MILITARY
,OH_military_box_big_model_two_Green,other,20.0000,TIER 3 / MILITARY
,OH_military_box_big_model_two_Olive,other,20.0000,TIER 3 / MILITARY
,OH_military_box_big_model_two_Tan,other,20.0000,TIER 3 / MILITARY
,OH_military_box_big_model_two_black,other,20.0000,TIER 3 / MILITARY
,OH_military_box_big_model_two_red,other,20.0000,TIER 3 / MILITARY
,OH_military_box_big_model_two_orange,other,20.0000,TIER 3 / MILITARY
,WinterMilitaryCoat_Grey,other,24.0000,TIER 3 / MILITARY
,WinterMilitaryCoat_Brown,other,24.0000,TIER 3 / MILITARY
,WinterMilitaryCoat_DarkGrey,other,24.0000,TIER 3 / MILITARY
,ScientificBriefcase,other,24.0000,TIER 3 / MILITARY
,TM_Wallet,other,24.0000,TIER 3 / MILITARY
,ArmyPouch_Beige,other,25.0000,TIER 3 / MILITARY
,ArmyPouch_Black,other,25.0000,TIER 3 / MILITARY
,ArmyPouch_Camo,other,25.0000,TIER 3 / MILITARY
,ArmyPouch_Green,other,25.0000,TIER 3 / MILITARY
,OH_vx_pouch_2_black,other,25.0000,TIER 3 / MILITARY
,OH_vx_pouch_2_olive,other,25.0000,TIER 3 / MILITARY
,OH_Toppouches6B43_flora,other,28.0000,TIER 3 / MILITARY
,OH_Toppouches6B43_Digital_flora,other,28.0000,TIER 3 / MILITARY
,OH_Toppouches6B43_Digital_Desert,other,28.0000,TIER 3 / MILITARY
,OH_Toppouches6B43_Digital_flora_black,other,28.0000,TIER 3 / MILITARY
,OH_Toppouches6B43_blue,other,28.0000,TIER 3 / MILITARY
,OH_Toppouches6B43_black,other,28.0000,TIER 3 / MILITARY
,OH_Toppouches6B43_scull,other,28.0000,TIER 3 / MILITARY
,OH_Toppouches6B43_vetka,other,28.0000,TIER 3 / MILITARY
,OH_Toppouches6B43_white,other,28.0000,TIER 3 / MILITARY
,Winter_Parka_White,other,30.0000,TIER 3 / MILITARY
,Winter_Parka_Green,other,30.0000,TIER 3 / MILITARY
,Wool_GreatCoat_Navy,other,30.0000,TIER 3 / MILITARY
,Wool_GreatCoat_Olive,other,30.0000,TIER 3 / MILITARY
,Wool_GreatCoat_Grey,other,30.0000,TIER 3 / MILITARY
,OH_iotv_Black,other,32.0000,TIER 3 / MILITARY
,OH_iotv_Green,other,32.0000,TIER 3 / MILITARY
,OH_iotv_Desert,other,32.0000,TIER 3 / MILITARY
,OH_iotv_Forest,other,32.0000,TIER 3 / MILITARY
,OH_iotv_GreyCifra,other,32.0000,TIER 3 / MILITARY
,OH_Mtv_black,other,32.0000,TIER 3 / MILITARY
,OH_Mtv_green,other,32.0000,TIER 3 / MILITARY
,OH_Mtv_tan,other,32.0000,TIER 3 / MILITARY
,OH_Mtv_ucp,other,32.0000,TIER 3 / MILITARY
,OH_Mtv_desert,other,32.0000,TIER 3 / MILITARY
,PsiX_MedKit_Black,other,36.0000,TIER 3 / MILITARY
,PsiX_MedKit_Blue,other,36.0000,TIER 3 / MILITARY
,PsiX_MedKit_Cyan,other,36.0000,TIER 3 / MILITARY
,PsiX_MedKit_Green,other,36.0000,TIER 3 / MILITARY
,PsiX_MedKit_Lime,other,36.0000,TIER 3 / MILITARY
,PsiX_MedKit_Pink,other,36.0000,TIER 3 / MILITARY
,PsiX_MedKit_Purple,other,36.0000,TIER 3 / MILITARY
,PsiX_MedKit_White,other,36.0000,TIER 3 / MILITARY
,RefrigeratorMinsk,other,40.0000,TIER 3 / MILITARY
,TrashCan,food,40.0000,TIER 1 & 2
,Fireplace,other,40.0000,TIER 3 / MILITARY
,FireplaceFireBarrel,other,40.0000,TIER 3 / MILITARY
,OH_6b23_Black,other,40.0000,TIER 3 / MILITARY
,OH_6b23_Flora,other,40.0000,TIER 3 / MILITARY
,OH_6b23_Green_cifra,other,40.0000,TIER 3 / MILITARY
,OH_6b23_Olive,other,40.0000,TIER 3 / MILITARY
,OH_6b23_TTSCO,other,40.0000,TIER 3 / MILITARY
,DM_CarCase_10Weap0Sl,other,42.0000,TIER 3 / MILITARY
,DM_CarCase_Set0Sl,other,42.0000,TIER 3 / MILITARY
,LeatherSack_Natural,other,42.0000,TIER 3 / MILITARY
,LeatherSack_Black,other,42.0000,TIER 3 / MILITARY
,LeatherSack_Beige,other,42.0000,TIER 3 / MILITARY
,LeatherSack_Brown,other,42.0000,TIER 3 / MILITARY
,OH_Mili_Top_Khaki,other,42.0000,TIER 3 / MILITARY
,OH_Mili_Top_Sota,other,42.0000,TIER 3 / MILITARY
,OH_Mili_Top_Black,other,42.0000,TIER 3 / MILITARY
,OH_Plash,other,42.0000,TIER 3 / MILITARY
,OH_Plash_black,other,42.0000,TIER 3 / MILITARY
,OH_Plash_brown,other,42.0000,TIER 3 / MILITARY
,PowerGenerator,other,45.0000,TIER 3 / MILITARY
,OH_6b13_flora_dirt_green_pixel,other,45.0000,TIER 3 / MILITARY
,OH_6b13_pixel_green_green_pixel,other,45.0000,TIER 3 / MILITARY
,OH_6b13_pixel_green_dirt_green_pixel,other,45.0000,TIER 3 / MILITARY
,OH_6b13_black_green_pixel,other,45.0000,TIER 3 / MILITARY
,OH_6b13_black_pixel_green_pixel,other,45.0000,TIER 3 / MILITARY
,FC_ATV_ContainerS_Green,other,50.0000,TIER 3 / MILITARY
,FC_ATV_ContainerS_Yellow,other,50.0000,TIER 3 / MILITARY
,FC_ATV_ContainerS_Red,other,50.0000,TIER 3 / MILITARY
,FC_ATV_ContainerS_Blue,other,50.0000,TIER 3 / MILITARY
,FC_ATV_ContainerS_Grey,other,50.0000,TIER 3 / MILITARY
,FC_ATV_ContainerS_Black,other,50.0000,TIER 3 / MILITARY
,FC_ATV_ContainerS_White,other,50.0000,TIER 3 / MILITARY
,OH_military_black,other,60.0000,TIER 3 / MILITARY
,OH_military_flora,other,60.0000,TIER 3 / MILITARY
,OH_military_tan,other,60.0000,TIER 3 / MILITARY
,OH_military_green,other,60.0000,TIER 3 / MILITARY
,OH_6b45_Black,other,60.0000,TIER 3 / MILITARY
,OH_6b45_Green,other,60.0000,TIER 3 / MILITARY
,OH_6b45_Desert,other,60.0000,TIER 3 / MILITARY
,OH_6b45_Haki,other,60.0000,TIER 3 / MILITARY
,OH_6b45_Multicam,other,60.0000,TIER 3 / MILITARY
,OH_6b45_Heart,other,60.0000,TIER 3 / MILITARY
,OH_6b45_OrangeBlackPixel,other,60.0000,TIER 3 / MILITARY
,OH_6b45_Samuray,other,60.0000,TIER 3 / MILITARY
,OH_6b45_Yellow,other,60.0000,TIER 3 / MILITARY
,OH_6b45_White,other,60.0000,TIER 3 / MILITARY
,PowerGeneratorStatic,other,75.0000,TIER 3 / MILITARY
,OH_6B43_Flora,other,80.0000,TIER 3 / MILITARY
,OH_6B43_Digital_flora,other,80.0000,TIER 3 / MILITARY
,OH_6B43_Digital_desert,other,80.0000,TIER 3 / MILITARY
,OH_6B43_Flora_pixel_black,other,80.0000,TIER 3 / MILITARY
,OH_6B43_blue,other,80.0000,TIER 3 / MILITARY
,OH_6B43_black,other,80.0000,TIER 3 / MILITARY
,OH_6B43_scull,other,80.0000,TIER 3 / MILITARY
,OH_6B43_vetka,other,80.0000,TIER 3 / MILITARY
,OH_6B43_white,other,80.0000,TIER 3 / MILITARY
,DM_CarCase_100,other,100.0000,TIER 3 / MILITARY
,Fence,other,100.0000,TIER 3 / MILITARY
,Watchtower,other,100.0000,TIER 3 / MILITARY
,ShelterSite,other,100.0000,TIER 3 / MILITARY
,ShelterFabric,other,100.0000,TIER 3 / MILITARY
,ShelterLeather,other,100.0000,TIER 3 / MILITARY
,ShelterStick,other,100.0000,TIER 3 / MILITARY
,TerritoryFlag,other,100.0000,TIER 3 / MILITARY
,StaticFlagPole,other,100.0000,TIER 3 / MILITARY
,GardenPlot,other,100.0000,TIER 3 / MILITARY
,GardenPlotPlacing,other,100.0000,TIER 3 / MILITARY
,FC_ContainerM_Green,other,100.0000,TIER 3 / MILITARY
,FC_ContainerM_Yellow,other,100.0000,TIER 3 / MILITARY
,FC_ContainerM_Red,other,100.0000,TIER 3 / MILITARY
,FC_ContainerM_Blue,other,100.0000,TIER 3 / MILITARY
,FC_ContainerM_Grey,other,100.0000,TIER 3 / MILITARY
,FC_ContainerM_Black,other,100.0000,TIER 3 / MILITARY
,FC_ContainerM_White,other,100.0000,TIER 3 / MILITARY
,OH_kabackhouse_Plot,other,100.0000,TIER 3 / MILITARY
,OH_kabackPlot,other,100.0000,TIER 3 / MILITARY
,OH_big_ColorBase,other,120.0000,TIER 3 / MILITARY
,OH_big_black,other,120.0000,TIER 3 / MILITARY
,OH_big_green,other,120.0000,TIER 3 / MILITARY
,OH_big_tan,other,120.0000,TIER 3 / MILITARY
,OH_big_flora,other,120.0000,TIER 3 / MILITARY
,OH_Builder,other,120.0000,TIER 3 / MILITARY
,OH_Builder_black,other,120.0000,TIER 3 / MILITARY
,OH_big_mountian_blue,other,130.0000,TIER 3 / MILITARY
,OH_big_mountian_green,other,130.0000,TIER 3 / MILITARY
,OH_big_mountian_red,other,130.0000,TIER 3 / MILITARY
,OH_big_mountian_yellow,other,130.0000,TIER 3 / MILITARY
,OH_touristik,other,130.0000,TIER 3 / MILITARY
,OH_touristik_green,other,130.0000,TIER 3 / MILITARY
,OH_tourist_blue,other,130.0000,TIER 3 / MILITARY
,PartyTent,other,150.0000,TIER 3 / MILITARY
,PartyTent_Blue,other,150.0000,TIER 3 / MILITARY
,PartyTent_Brown,other,150.0000,TIER 3 / MILITARY
,PartyTent_Lunapark,other,150.0000,TIER 3 / MILITARY
,DM_CarCase_200,other,200.0000,TIER 3 / MILITARY
,DM_CarCase_10Weapons200Sl,other,200.0000,TIER 3 / MILITARY
,DM_CarCase_Set200Sl,other,200.0000,TIER 3 / MILITARY
,MediumTent,other,200.0000,TIER 3 / MILITARY
,MediumTent_Green,other,200.0000,TIER 3 / MILITARY
,MediumTent_Orange,other,200.0000,TIER 3 / MILITARY
,DM_CarCase_300,other,300.0000,TIER 3 / MILITARY
,DM_CarCase_400,other,400.0000,TIER 3 / MILITARY
,CarTent,other,500.0000,TIER 3 / MILITARY
